ID,Language_ID,Parameter_ID,Form,Segments,Comment,Contribution_ID
basa1287-five,basa1287,five,cima,,,abvd
basa1287-hand,basa1287,hand,cima,,,abvd
keta1243-five,keta1243,five,Tsima,,,barlowpacific
kava1241-five,kava1241,five,rima,,,abvd
kava1241-hand,kava1241,hand,rima,,,abvd
saki1247-five,saki1247,five,lima,,,chan2019
amis1246-five,amis1246,five,limaʔ,,,abvd
amis1246-hand,amis1246,hand,ʔulimaʔ,,,abvd
sira1267-five,sira1267,five,rima,,,abvd
sira1267-hand,sira1267,hand,rima,,,abvd
sais1237-five,sais1237,five,ɭasəb,,,chan2019
sais1237-hand,sais1237,hand,imaʔ,,,abvd
kulo1237-five,kulo1237,five,xasəp,,,chan2019
kulo1237-hand,kulo1237,hand,rima,,,abvd
atay1247-five,atay1247,five,aima,,,chan2019
atay1247-hand,atay1247,hand,qbaʔ,,,abvd
taro1264-five,taro1264,five,rima,,,abvd
taro1264-hand,taro1264,hand,bawa,,,abvd
papo1239-five,papo1239,five,lima,,,abvd
papo1239-hand,papo1239,hand,lima,,,abvd
babu1240-five,babu1240,five,achab,,,abvd
babu1240-hand,babu1240,hand,lima,,,abvd
thao1240-five,thao1240,five,rima,,,chan2019
thao1240-hand,thao1240,hand,rima,,,abvd
bunu1267-five,bunu1267,five,'imaʔ,,,abvd
bunu1267-hand,bunu1267,hand,imaʔ,,,abvd
kana1286-five,kana1286,five,'lima,,,chan2019
kana1286-hand,kana1286,hand,ramucu,,,abvd
saar1237-five,saar1237,five,la-lima,,,chan2019
saar1237-hand,saar1237,hand,ramucu,,,abvd
tsou1248-five,tsou1248,five,rimo,,,abvd
tsou1248-hand,tsou1248,hand,mucu,,,abvd
ruka1240-five,ruka1240,five,rima,,,abvd
ruka1240-hand,ruka1240,hand,arima,,,abvd
puyu1239-five,puyu1239,five,rima,,,abvd
puyu1239-hand,puyu1239,hand,rima,,,abvd
paiw1248-five,paiw1248,five,lima,,,abvd
paiw1248-hand,paiw1248,hand,lima,,,abvd
yami1254-five,yami1254,five,lima,,,abvd
yami1254-hand,yami1254,hand,lima,,,abvd
ivat1242-five,ivat1242,five,lima,,,abvd
ivat1242-hand,ivat1242,hand,lima,,,abvd
ibat1238-five,ibat1238,five,dadima,,,abvd
ibat1238-hand,ibat1238,hand,panorowan,,,abvd
isna1241-five,isna1241,five,limmá,,,barlowpacific
isna1241-hand,isna1241,hand,ʔi:ma,,,abvd
fair1238-five,fair1238,five,limá,,,barlowpacific
pamp1244-five,pamp1244,five,limaː,,,chan2019
pamp1244-hand,pamp1244,hand,lima:,,,abvd
pudt1235-five,pudt1235,five,limɑ́ʔ,,,barlowpacific
mala1534-five,mala1534,five,lima,,,barlowpacific
adas1235-five,adas1235,five,li'ma,,,chan2019
iban1267-five,iban1267,five,lima,,,abvd
iban1267-hand,iban1267,hand,lima,,,abvd
gada1258-five,gada1258,five,limɑ,,,barlowpacific
gadd1244-five,gadd1244,five,lima,,,abvd
gadd1244-hand,gadd1244,hand,langalay,,,abvd
cent2084-five,cent2084,five,lima,,,chan2019
cent2084-hand,cent2084,hand,kʌmʌt,,,abvd
itaw1240-five,itaw1240,five,lima,,,abvd
itaw1240-hand,itaw1240,hand,ima,,,abvd
yoga1237-five,yoga1237,five,limá,,,abvd
yoga1237-hand,yoga1237,hand,kamát,,,abvd
dica1235-five,dica1235,five,limɑ,,,barlowpacific
dupa1235-five,dupa1235,five,lima,,,abvd
dupa1235-hand,dupa1235,hand,kamat,,,abvd
casi1235-five,casi1235,five,limá,,,barlowpacific
casi1235-hand,casi1235,hand,ka'mɨt,,,abvd
agta1234-five,agta1234,five,limá,,,barlowpacific
para1306-five,para1306,five,limma,,,chan2019
bino1237-five,bino1237,five,li'ma,,,abvd
bino1237-hand,bino1237,hand,'ʔima,,,abvd
inla1260-five,inla1260,five,limɑ,,,barlowpacific
lubu1243-five,lubu1243,five,li'ma,,,abvd
lubu1243-hand,lubu1243,hand,'ʔima,,,abvd
sout2908-five,sout2908,five,lima,,,abvd
sout2908-hand,sout2908,hand,ima,,,abvd
butb1235-five,butb1235,five,li'ma,,,chan2019
madu1248-five,madu1248,five,limɑ́,,,barlowpacific
lowe1412-five,lowe1412,five,lima,,,abvd
lowe1412-hand,lowe1412,hand,ima,,,abvd
masa1307-five,masa1307,five,limɑ,,,barlowpacific
moya1235-five,moya1235,five,ˈlimɑ,,,barlowpacific
limo1248-five,limo1248,five,limá,,,abvd
limo1248-hand,limo1248,hand,íma,,,abvd
maba1279-five,maba1279,five,lima,,,barlowpacific
bala1310-five,bala1310,five,le'ma,,,abvd
bala1310-hand,bala1310,hand,'limʌ,,,abvd
cent2292-five,cent2292,five,lima,,,abvd
cent2292-hand,cent2292,hand,lima,,,abvd
fina1242-five,fina1242,five,lima,,,barlowpacific
kank1243-five,kank1243,five,lima,,,abvd
kank1243-hand,kank1243,hand,takkay,,,abvd
maen1235-five,maen1235,five,liˈmɑ,,,barlowpacific
nort2877-five,nort2877,five,li'ma,,,abvd
nort2877-hand,nort2877,hand,lɨ'dɨng,,,abvd
amga1235-five,amga1235,five,li'ma,,,abvd
amga1235-hand,amga1235,hand,taʔ'le,,,abvd
bata1298-five,bata1298,five,lima,,,abvd
bata1298-hand,bata1298,hand,ngamay,,,abvd
mayo1262-five,mayo1262,five,le'mə,,,chan2019
tuwa1243-five,tuwa1243,five,'lima,,,chan2019
isin1239-five,isin1239,five,limá,,,abvd
isin1239-hand,isin1239,hand,lima,,,abvd
ilon1239-five,ilon1239,five,tambiang,,,abvd
ilon1239-hand,ilon1239,hand,gima,,,abvd
iwak1237-five,iwak1237,five,limɑ,,,barlowpacific
ibal1244-five,ibal1244,five,dima,,,abvd
ibal1244-hand,ibal1244,hand,takdai,,,abvd
ahin1234-five,ahin1234,five,lima,,,barlowpacific
ahin1234-hand,ahin1234,hand,taklay,,,abvd
kele1259-five,kele1259,five,limaʔ,,,abvd
kele1259-hand,kele1259,hand,taklay,,,abvd
kara1487-five,kara1487,five,dima,,,chan2019
pang1290-five,pang1290,five,lima,,,barlowpacific
pang1290-hand,pang1290,hand,lima,,,abvd
nort2875-five,nort2875,five,limma,,,chan2019
sout2905-five,sout2905,five,li'ma,,,chan2019
arta1239-five,arta1239,five,lima,,,abvd
arta1239-hand,arta1239,hand,lima,,,abvd
ilok1237-five,ilok1237,five,lima,,,abvd
ilok1237-hand,ilok1237,hand,ima,,,abvd
aben1249-five,aben1249,five,lima,,,abvd
aben1249-hand,aben1249,hand,gamɨt,,,abvd
boto1242-five,boto1242,five,lima,,,abvd
boto1242-hand,boto1242,hand,ga'mɨt,,,abvd
amba1267-five,amba1267,five,lima,,,chan2019
amba1267-hand,amba1267,hand,gamɨt,,,abvd
bata1297-five,bata1297,five,lima,,,barlowpacific
maga1263-five,maga1263,five,lima,,,abvd
maga1263-hand,maga1263,hand,gamɨt,,,abvd
magi1241-five,magi1241,five,limaʔ,,,abvd
magi1241-hand,magi1241,hand,gamɨt,,,abvd
boli1256-five,boli1256,five,lima,,,abvd
boli1256-hand,boli1256,hand,gamɨt,,,abvd
tina1248-five,tina1248,five,lima,,,abvd
tina1248-hand,tina1248,hand,gamot,,,abvd
pamp1243-five,pamp1243,five,lima,,,abvd
pamp1243-hand,pamp1243,hand,gámat,,,abvd
remo1247-five,remo1247,five,limá,,,abvd
remo1247-hand,remo1247,hand,alíma,,,abvd
kasi1256-five,kasi1256,five,lima,,,barlowpacific
taga1270-five,taga1270,five,lima,,,abvd
taga1270-hand,taga1270,hand,kamay,,,abvd
fili1244-five,fili1244,five,lima,,,barlowpacific
alab1246-five,alab1246,five,lima,,,chan2019
alab1246-hand,alab1246,hand,ʔaˈlimaʔ,,,abvd
cama1250-five,cama1250,five,lima,,,abvd
cama1250-hand,cama1250,hand,alima,,,abvd
cent2087-five,cent2087,five,lima,,,abvd
cent2087-hand,cent2087,hand,kamut,,,abvd
sout2912-five,sout2912,five,lima,,,barlowpacific
mtir1236-five,mtir1236,five,limɑ́,,,barlowpacific
mtir1235-five,mtir1235,five,ˈlima,,,barlowpacific
alba1269-five,alba1269,five,liˈma,,,abvd
alba1269-hand,alba1269,hand,kaˈmət,,,abvd
irig1242-five,irig1242,five,lima,,,barlowpacific
irig1242-hand,irig1242,hand,kamót,,,abvd
nort2883-five,nort2883,five,liˈmɑ,,,barlowpacific
bant1288-five,bant1288,five,lima,,,abvd
bant1288-hand,bant1288,hand,damút,,,abvd
bant1293-five,bant1293,five,lima,,,chan2019
capi1239-five,capi1239,five,limɑ,,,barlowpacific
capi1239-hand,capi1239,hand,kamot,,,abvd
hili1240-five,hili1240,five,lima,,,abvd
hili1240-hand,hili1240,hand,kamot,,,abvd
masb1237-five,masb1237,five,liˈmah,,,barlowpacific
masb1238-five,masb1238,five,lima,,,abvd
masb1238-hand,masb1238,hand,kamot,,,abvd
poro1253-five,poro1253,five,lima,,,barlowpacific
romb1245-five,romb1245,five,limá,,,abvd
romb1245-hand,romb1245,hand,kamót,,,abvd
wara1300-five,wara1300,five,limá,,,abvd
wara1300-hand,wara1300,hand,kamót,,,abvd
wara1299-five,wara1299,five,límɑ,,,barlowpacific
akla1240-five,akla1240,five,limáh | alas síŋkoh '5 o'clock',,,chan2019
akla1240-hand,akla1240,hand,ʔalí:mah,,,abvd
inon1237-five,inon1237,five,lima,,,chan2019
inon1237-hand,inon1237,hand,limá,,,abvd
kina1250-five,kina1250,five,lima,,,abvd
kina1250-hand,kina1250,hand,lima,,,abvd
sulo1237-five,sulo1237,five,limɑ,,,barlowpacific
cuyo1237-five,cuyo1237,five,li'ma,,,chan2019
cuyo1237-hand,cuyo1237,hand,líma,,,abvd
calu1238-five,calu1238,five,li'ma,,,chan2019
calu1238-hand,calu1238,hand,líma,,,abvd
rata1245-five,rata1245,five,limá,,,abvd
rata1245-hand,rata1245,hand,alíma,,,abvd
butu1244-five,butu1244,five,lima,,,abvd
butu1244-hand,butu1244,hand,alima,,,abvd
taus1251-five,taus1251,five,limah,,,abvd
taus1251-hand,taus1251,hand,limah,,,abvd
suri1273-five,suri1273,five,lima,,,abvd
suri1273-hand,suri1273,hand,alima,,,abvd
tand1258-five,tand1258,five,limá,,,barlowpacific
tand1258-hand,tand1258,hand,limá,,,abvd
cebu1242-five,cebu1242,five,lima,,,abvd
cebu1242-hand,cebu1242,hand,kamút,,,abvd
mama1275-five,mama1275,five,lima,,,abvd
mama1275-hand,mama1275,hand,ʔalima,,,abvd
dava1245-five,dava1245,five,lima,,,chan2019
mans1262-five,mans1262,five,lima,,,abvd
mans1262-hand,mans1262,hand,bɨktɨn,,,abvd
kama1363-five,kama1363,five,limɑ́,,,barlowpacific
kama1363-hand,kama1363,hand,ʔalíːma,,,abvd
kaga1255-five,kaga1255,five,'limaː,,,chan2019
kala1388-five,kala1388,five,lima,,,abvd
kala1388-hand,kala1388,hand,bɨktɨn,,,abvd
taga1268-five,taga1268,five,lima,,,chan2019
umir1236-five,umir1236,five,li'ma,,,chan2019
umir1236-hand,umir1236,hand,komot,,,abvd
east2482-five,east2482,five,lima,,,chan2019
west2559-five,west2559,five,lima,,,chan2019
buhi1245-five,buhi1245,five,lima,,,chan2019
buhi1245-hand,buhi1245,hand,daluwáp,,,abvd
hanu1241-five,hanu1241,five,lima,,,chan2019
hanu1241-hand,hanu1241,hand,dalúkap,,,abvd
kaga1256-five,kaga1256,five,límma,,,abvd
kaga1256-hand,kaga1256,hand,líma,,,abvd
higa1237-five,higa1237,five,lə'li.ma,,,chan2019
binu1244-five,binu1244,five,la'lima,,,abvd
binu1244-hand,binu1244,hand,ʔa'lima,,,abvd
cina1236-five,cina1236,five,lɑlimɑ,,,barlowpacific
atam1240-five,atam1240,five,lalima,,,abvd
atam1240-hand,atam1240,hand,bolad,,,abvd
mati1250-five,mati1250,five,lalima,,,abvd
mati1250-hand,mati1250,hand,bɨlad,,,abvd
agus1235-five,agus1235,five,li'mɑ,,,chan2019
diba1242-five,diba1242,five,'lima,,,abvd
diba1242-hand,diba1242,hand,'bɨad,,,abvd
raja1254-five,raja1254,five,limɑ,,,barlowpacific
obom1235-five,obom1235,five,'limmaʔ,,,chan2019
ilia1236-five,ilia1236,five,lima,,,chan2019
ilia1236-hand,ilia1236,hand,bɨlad,,,abvd
west2555-five,west2555,five,ləlimɑ,,,chan2019
west2555-hand,west2555,hand,bɨlad,,,abvd
cota1241-five,cota1241,five,lima,,,abvd
cota1241-hand,cota1241,hand,bɨlad,,,abvd
sara1327-five,sara1327,five,lima,,,abvd
sara1327-hand,sara1327,hand,bʌlad,,,abvd
taga1272-five,taga1272,five,'lima,,,chan2019
cent2089-five,cent2089,five,lima,,,abvd
cent2089-hand,cent2089,hand,bengkɨn,,,abvd
east2694-five,east2694,five,lima,,,barlowpacific
nort2885-five,nort2885,five,dlima,,,barlowpacific
lapu1236-five,lapu1236,five,dlima,,,barlowpacific
koli1253-five,koli1253,five,lima,,,barlowpacific
west2557-five,west2557,five,lima,,,abvd
west2557-hand,west2557,hand,komot,,,abvd
bata1301-five,bata1301,five,lima,,,abvd
bata1301-hand,bata1301,hand,ʔalima,,,abvd
cent2090-five,cent2090,five,lima,,,abvd
cent2090-hand,cent2090,hand,ʔalima,,,abvd
tagb1258-five,tagb1258,five,'lima,,,chan2019
molb1237-five,molb1237,five,lima,,,barlowpacific
broo1239-five,broo1239,five,lima,,,barlowpacific
sout2916-five,sout2916,five,lima,,,abvd
sout2916-hand,sout2916,hand,elima,,,abvd
cent2091-five,cent2091,five,lima,,,barlowpacific
taut1234-five,taut1234,five,lima,,,barlowpacific
iran1262-five,iran1262,five,lima,,,abvd
iran1262-hand,iran1262,hand,lima,,,abvd
magu1243-five,magu1243,five,líma,,,abvd
magu1243-hand,magu1243,hand,líma,,,abvd
mara1404-five,mara1404,five,lima,,,abvd
mara1404-hand,mara1404,hand,lima,,,abvd
mong1342-five,mong1342,five,lima,,,abvd
mong1342-hand,mong1342,hand,lima,,,abvd
pono1240-five,pono1240,five,lima,,,chan2019
bint1245-five,bint1245,five,lima,,,chan2019
bola1252-five,bola1252,five,lima,,,chan2019
buol1237-five,buol1237,five,limo,,,abvd
buol1237-hand,buol1237,hand,limo,,,abvd
goro1259-five,goro1259,five,limo,,,abvd
goro1259-hand,goro1259,hand,ʔuluʔu,,,abvd
kaid1239-five,kaid1239,five,Rima,,,barlowpacific
kaid1239-hand,kaid1239,hand,rʔima,,,abvd
lola1250-five,lola1250,five,(ko)lima,,,chan2019
suwa1241-five,suwa1241,five,lima,,,barlowpacific
alan1249-five,alan1249,five,limá,,,abvd
alan1249-hand,alan1249,hand,dalukap,,,abvd
iray1237-five,iray1237,five,limá,,,abvd
iray1237-hand,iray1237,hand,dalukáp,,,abvd
tady1237-five,tady1237,five,lima,,,chan2019
tady1237-hand,tady1237,hand,dalúkap,,,abvd
cala1258-five,cala1258,five,limaʔ,,,abvd
cala1258-hand,cala1258,hand,kalimaʔ,,,abvd
agut1237-five,agut1237,five,lima,,,abvd
agut1237-hand,agut1237,hand,kalima,,,abvd
atii1237-five,atii1237,five,limá,,,abvd
atii1237-hand,atii1237,hand,limá,,,abvd
gian1241-five,gian1241,five,limo,,,abvd
gian1241-hand,gian1241,hand,limo,,,abvd
tiru1241-five,tiru1241,five,limo,,,abvd
tiru1241-hand,tiru1241,hand,kemer,,,abvd
koro1310-five,koro1310,five,limɨ,,,abvd
koro1310-hand,koro1310,hand,sigal,,,abvd
sara1326-five,sara1326,five,limɨ,,,abvd
sara1326-hand,sara1326,hand,sigal,,,abvd
tbol1240-five,tbol1240,five,limu,,,chan2019
tbol1240-hand,tbol1240,hand,sigɨl,,,abvd
sang1337-five,sang1337,five,'lima,,,abvd
sang1337-hand,sang1337,hand,'lima,,,abvd
sang1336-five,sang1336,five,lima,,,abvd
sang1336-hand,sang1336,hand,lima,,,abvd
tala1285-five,tala1285,five,limo,,,barlowpacific
bant1286-five,bant1286,five,lima,,,chan2019
bant1286-hand,bant1286,hand,lima,,,abvd
rata1244-five,rata1244,five,lima,,,barlowpacific
tomb1243-five,tomb1243,five,lima,,,chan2019
tond1251-five,tond1251,five,lima,,,chan2019
tons1240-five,tons1240,five,dima,,,abvd
tons1240-hand,tons1240,hand,dengen,,,abvd
tont1239-five,tont1239,five,lima,,,abvd
tont1239-hand,tont1239,hand,kama,,,abvd
tons1239-five,tons1239,five,lima,,,chan2019
toto1304-five,toto1304,five,lima,,,abvd
toto1304-hand,toto1304,hand,lima,,,abvd
boan1243-five,boan1243,five,lima,,,barlowpacific
dond1249-five,dond1249,five,lelima,,,barlowpacific
lauj1238-five,lauj1238,five,lelima,,,barlowpacific
tomi1243-five,tomi1243,five,lelima,,,abvd
tomi1243-hand,tomi1243,hand,lima,,,abvd
bala1314-five,bala1314,five,lelima,,,barlowpacific
damp1237-five,damp1237,five,lelima,,,barlowpacific
pend1242-five,pend1242,five,lelima,,,barlowpacific
taje1237-five,taje1237,five,lelima,,,barlowpacific
taji1246-five,taji1246,five,lelima,,,barlowpacific
andi1257-five,andi1257,five,limaʔ,,,abvd
andi1257-hand,andi1257,hand,lima,,,abvd
batu1260-five,batu1260,five,ʔolimaʔ,,,chan2019
salu1253-five,salu1253,five,olimaʔ,,,chan2019
bobo1255-five,bobo1255,five,olima,,,chan2019
bala1315-five,bala1315,five,limaʔ,,,chan2019
bang1368-five,bang1368,five,lima,,,abvd
bang1368-hand,bang1368,hand,lima,,,abvd
kada1286-five,kada1286,five,lima,,,barlowpacific
tali1262-five,tali1262,five,lima,,,abvd
tali1262-hand,tali1262,hand,lima,,,abvd
baho1237-five,baho1237,five,olima,,,abvd
baho1237-hand,baho1237,hand,kae,,,abvd
bung1269-five,bung1269,five,lima,,,abvd
bung1269-hand,bung1269,hand,lima,,,abvd
koro1311-five,koro1311,five,olima,,,abvd
koro1311-hand,koro1311,hand,lima,,,abvd
kuli1254-five,kuli1254,five,olima,,,abvd
kuli1254-hand,kuli1254,hand,lima,,,abvd
mori1268-five,mori1268,five,limo,,,abvd
mori1268-hand,mori1268,hand,kae,,,abvd
talo1252-five,talo1252,five,olima,,,abvd
talo1252-hand,talo1252,hand,lima,,,abvd
wawo1239-five,wawo1239,five,olima,,,abvd
wawo1239-hand,wawo1239,hand,lima,,,abvd
moro1287-five,moro1287,five,lima,,,chan2019
moro1287-hand,moro1287,hand,lima,,,abvd
mori1269-five,mori1269,five,limo,,,abvd
mori1269-hand,mori1269,hand,kai,,,abvd
pado1242-five,pado1242,five,limo,,,abvd
pado1242-hand,pado1242,hand,kae,,,abvd
toma1248-five,toma1248,five,lima,,,barlowpacific
toma1248-hand,toma1248,hand,kae,,,abvd
kode1237-five,kode1237,five,olimo,,,barlowpacific
raha1237-five,raha1237,five,olimo,,,abvd
raha1237-hand,raha1237,hand,kae,,,abvd
tola1247-five,tola1247,five,limo,,,abvd
tola1247-hand,tola1247,hand,kae,,,abvd
waru1266-five,waru1266,five,olimo,,,abvd
waru1266-hand,waru1266,hand,kae,,,abvd
ciac1237-five,ciac1237,five,lima,,,lexirumah
ciac1237-hand,ciac1237,hand,lima,,,lexirumah
kumb1274-five,kumb1274,five,lima,,,lexirumah
kumb1274-hand,kumb1274,hand,lima,,,abvd
lasa1237-five,lasa1237,five,lolima,,,abvd
lasa1237-hand,lasa1237,hand,lima,,,abvd
buso1238-five,buso1238,five,lima,,,lexirumah
buso1238-hand,buso1238,hand,lima,,,lexirumah
kaim1241-five,kaim1241,five,ɗima,,,chan2019
kaim1241-hand,kaim1241,hand,lima,,,lexirumah
kiok1239-five,kiok1239,five,dima,,,lexirumah
kiok1239-hand,kiok1239,hand,lima,,,lexirumah
liab1237-five,liab1237,five,dima,,,lexirumah
liab1237-hand,liab1237,hand,lima,,,lexirumah
muna1247-five,muna1247,five,lima,,,lexirumah
muna1247-hand,muna1247,hand,lima,,,lexirumah
panc1247-five,panc1247,five,lima,,,lexirumah
panc1247-hand,panc1247,hand,lima,,,lexirumah
tuka1248-five,tuka1248,five,lima,,,lexirumah
tuka1248-hand,tuka1248,hand,lima,,,lexirumah
tuka1249-five,tuka1249,five,lima,,,lexirumah
tuka1249-hand,tuka1249,hand,lima,,,abvd
bone1254-five,bone1254,five,ˈlima,,,lexirumah
bone1254-hand,bone1254,hand,lima,,,abvd
bara1371-five,bara1371,five,lima,,,barlowpacific
daak1235-five,daak1235,five,lima,,,barlowpacific
ledo1238-five,ledo1238,five,alima,,,barlowpacific
moma1242-five,moma1242,five,lima,,,chan2019
lind1248-five,lind1248,five,a.'ɽi.ma,,,chan2019
pamo1252-five,pamo1252,five,alima,,,chan2019
pamo1252-hand,pamo1252,hand,pale,,,abvd
saru1242-five,saru1242,five,lima,,,barlowpacific
umaa1242-five,umaa1242,five,lima,,,abvd
umaa1242-hand,umaa1242,hand,pale,,,abvd
topo1243-five,topo1243,five,lima,,,barlowpacific
kama1364-five,kama1364,five,ˈlima,,,lexirumah
kama1364-hand,kama1364,hand,ˈlima,,,lexirumah
woli1241-five,woli1241,five,lima,,,abvd
woli1241-hand,woli1241,hand,lima,,,abvd
laiy1246-five,laiy1246,five,lima,,,lexirumah
laiy1246-hand,laiy1246,hand,lima,,,lexirumah
kala1394-five,kala1394,five,lima,,,lexirumah
kala1394-hand,kala1394,hand,lima,,,lexirumah
wotu1240-five,wotu1240,five,lima,,,barlowpacific
wotu1240-hand,wotu1240,hand,lima,,,lexirumah
bada1261-five,bada1261,five,limaʔ,,,chan2019
beso1237-five,beso1237,five,lima,,,chan2019
napu1241-five,napu1241,five,lima,,,barlowpacific
ramp1243-five,ramp1243,five,limo,,,chan2019
budo1241-five,budo1241,five,lima,,,barlowpacific
pana1303-five,pana1303,five,lima,,,chan2019
seko1243-five,seko1243,five,lima,,,chan2019
seko1242-five,seko1242,five,lima,,,barlowpacific
lemo1243-five,lemo1243,five,lima,,,barlowpacific
kalu1247-five,kalu1247,five,lima,,,barlowpacific
mama1276-five,mama1276,five,lima,,,barlowpacific
taee1237-five,taee1237,five,lima,,,barlowpacific
tora1261-five,tora1261,five,lima,,,abvd
tora1261-hand,tora1261,hand,lima,,,abvd
mamu1255-five,mamu1255,five,lima,,,barlowpacific
aral1243-five,aral1243,five,lima,,,barlowpacific
bamb1270-five,bamb1270,five,lima,,,chan2019
ulum1237-five,ulum1237,five,lima,,,barlowpacific
mand1442-five,mand1442,five,lima,,,barlowpacific
duri1242-five,duri1242,five,lima,,,barlowpacific
enre1239-five,enre1239,five,lima,,,barlowpacific
bugi1244-five,bugi1244,five,lima,,,abvd
bugi1244-hand,bugi1244,hand,lima,,,abvd
camp1262-five,camp1262,five,lima,,,barlowpacific
emba1238-five,emba1238,five,lima,,,abvd
emba1238-hand,emba1238,hand,taŋan,,,abvd
tama1335-five,tama1335,five,lima,,,chan2019
coas1295-five,coas1295,five,lima,,,chan2019
maka1311-five,maka1311,five,lima,,,abvd
maka1311-hand,maka1311,hand,lima,,,abvd
sela1260-five,sela1260,five,lima,,,barlowpacific
basa1286-five,basa1286,five,lima,,,chan2019
inab1237-five,inab1237,five,lima,,,abvd
inab1237-hand,inab1237,hand,kambag,,,abvd
indo1317-five,indo1317,five,lima,,,abvd
indo1317-hand,indo1317,hand,tangan,,,abvd
mapu1244-five,mapu1244,five,lima,,,abvd
mapu1244-hand,mapu1244,hand,tangan,,,abvd
west2560-five,west2560,five,limo,,,barlowpacific
bala1311-five,bala1311,five,lima,,,chan2019
cent2092-five,cent2092,five,lima,,,abvd
cent2092-hand,cent2092,hand,taŋan,,,abvd
sout2918-five,sout2918,five,lima,,,abvd
sout2918-hand,sout2918,hand,tangan,,,abvd
pang1291-five,pang1291,five,lima,,,abvd
pang1291-hand,pang1291,hand,tangan,,,abvd
yaka1277-five,yaka1277,five,lime,,,abvd
yaka1277-hand,yaka1277,hand,taŋan,,,abvd
ampa1239-five,ampa1239,five,lima,,,barlowpacific
tunj1244-five,tunj1244,five,limaʔ,,,chan2019
tunj1244-hand,tunj1244,hand,aŋaʔ,,,abvd
dusu1269-five,dusu1269,five,dime,,,chan2019
lawa1257-five,lawa1257,five,limo',,,abvd
lawa1257-hand,lawa1257,hand,kayang,,,abvd
tawo1243-five,tawo1243,five,liməʔ,,,chan2019
dusu1271-five,dusu1271,five,dimɔ,,,chan2019
kohi1250-five,kohi1250,five,lime,,,barlowpacific
otda1235-five,otda1235,five,limo,,,chan2019
otda1235-hand,otda1235,hand,ɾoŋo,,,abvd
sian1254-five,sian1254,five,limo,,,barlowpacific
baku1263-five,baku1263,five,limɛ,,,chan2019
ngaj1237-five,ngaj1237,five,lime,,,abvd
ngaj1237-hand,ngaj1237,hand,lenge,,,abvd
dusu1267-five,dusu1267,five,dime,,,chan2019
maan1238-five,maan1238,five,limɨʔ,,,chan2019
maan1238-hand,maan1238,hand,taŋan,,,abvd
paku1239-five,paku1239,five,dimo,,,chan2019
plat1254-five,plat1254,five,dimy,,,abvd
plat1254-hand,plat1254,hand,tánana,,,abvd
sout2920-five,sout2920,five,díme,,,barlowpacific
bush1250-five,bush1250,five,paipo,,,barlowpacific
anta1255-five,anta1255,five,di̍mi,,,barlowpacific
nort2890-five,nort2890,five,dimý,,,barlowpacific
bara1369-five,bara1369,five,límy,,,barlowpacific
tano1246-five,tano1246,five,limý,,,barlowpacific
masi1268-five,masi1268,five,lime,,,barlowpacific
saka1291-five,saka1291,five,lime,,,abvd
saka1291-hand,saka1291,hand,taŋa,,,abvd
maha1309-five,maha1309,five,limé,,,barlowpacific
tesa1236-five,tesa1236,five,dimi,,,barlowpacific
tand1256-five,tand1256,five,lìme,,,abvd
tand1256-hand,tand1256,hand,tàña,,,abvd
bong1289-five,bong1289,five,lima,,,barlowpacific
bong1289-hand,bong1289,hand,fī,,,abvd
idaa1241-five,idaa1241,five,limo,,,abvd
idaa1241-hand,idaa1241,hand,ʌppiʔ,,,abvd
dump1242-five,dump1242,five,limo,,,barlowpacific
labu1249-five,labu1249,five,limo,,,barlowpacific
rung1259-five,rung1259,five,'ɮimɔ,,,chan2019
kima1244-five,kima1244,five,limoʔ,,,chan2019
tobi1239-five,tobi1239,five,limo,,,barlowpacific
cent2100-five,cent2100,five,lima,,,barlowpacific
cent2100-hand,cent2100,hand,longon,,,abvd
mino1243-five,mino1243,five,liməʔ,,,barlowpacific
sugu1243-five,sugu1243,five,limo,,,abvd
sugu1243-hand,sugu1243,hand,longon,,,abvd
kuij1237-five,kuij1237,five,limoᵘ,,,chan2019
tomb1244-five,tomb1244,five,limə,,,barlowpacific
abai1240-five,abai1240,five,limo,,,chan2019
lana1236-five,lana1236,five,limə,,,barlowpacific
tamp1254-five,tamp1254,five,limo,,,barlowpacific
uppe1427-five,uppe1427,five,limo,,,barlowpacific
seru1246-five,seru1246,five,limo,,,barlowpacific
brun1245-five,brun1245,five,limɔʰ,,,chan2019
lotu1250-five,lotu1250,five,limo,,,barlowpacific
saba1267-five,saba1267,five,limo,,,barlowpacific
gana1277-five,gana1277,five,limo,,,chan2019
book1241-five,book1241,five,limoʔ,,,chan2019
keni1249-five,keni1249,five,limo,,,barlowpacific
timu1262-five,timu1262,five,limo,,,barlowpacific
timu1262-hand,timu1262,hand,loŋon,,,abvd
palu1253-five,palu1253,five,limo,,,barlowpacific
taga1273-five,taga1273,five,limo,,,barlowpacific
buru1304-five,buru1304,five,lima,,,chan2019
nort3262-five,nort3262,five,limo,,,barlowpacific
sout3241-five,sout3241,five,limo,,,barlowpacific
kala1391-five,kala1391,five,limo,,,barlowpacific
okol1241-five,okol1241,five,limo,,,barlowpacific
selu1243-five,selu1243,five,limo,,,barlowpacific
semb1240-five,semb1240,five,limo,,,barlowpacific
abai1241-five,abai1241,five,limo,,,barlowpacific
papa1268-five,papa1268,five,limo,,,barlowpacific
tata1257-five,tata1257,five,limo,,,barlowpacific
bolo1268-five,bolo1268,five,lima,,,barlowpacific
kipu1237-five,kipu1237,five,liməh,,,chan2019
bela1260-five,bela1260,five,limah,,,abvd
bela1260-hand,bela1260,hand,ŋan,,,abvd
tuto1241-five,tuto1241,five,limɒʰ,,,chan2019
lela1246-five,lela1246,five,limă,,,barlowpacific
naro1251-five,naro1251,five,lima,,,barlowpacific
cent2098-five,cent2098,five,dimah,,,chan2019
east2486-five,east2486,five,dimiey,,,chan2019
west2564-five,west2564,five,dimmah,,,abvd
west2564-hand,west2564,hand,tisu,,,abvd
kela1258-five,kela1258,five,limah,,,chan2019
kela1258-hand,kela1258,hand,tidʰuʔ,,,abvd
lund1271-five,lund1271,five,ˈli.məh,,,chan2019
lund1271-hand,lund1271,hand,ticu',,,abvd
saba1265-five,saba1265,five,imɑh,,,chan2019
trin1273-five,trin1273,five,lima,,,barlowpacific
bint1246-five,bint1246,five,lima,,,chan2019
bint1246-hand,bint1246,hand,agem,,,abvd
waha1238-five,waha1238,five,ləme,,,abvd
east2485-five,east2485,five,ləmah,,,chan2019
sebo1238-five,sebo1238,five,lĕma,,,barlowpacific
west2563-five,west2563,five,lima,,,barlowpacific
long1406-five,long1406,five,ləmɨ,,,barlowpacific
umal1239-five,umal1239,five,lima,,,barlowpacific
main1275-five,main1275,five,ləma,,,abvd
main1275-hand,main1275,hand,lekuʔan,,,abvd
kaja1250-five,kaja1250,five,limah,,,barlowpacific
laha1253-five,laha1253,five,limah,,,barlowpacific
laha1253-hand,laha1253,hand,tuju,,,abvd
seka1248-five,seka1248,five,lima,,,barlowpacific
cent2101-five,cent2101,five,lima,,,abvd
cent2101-hand,cent2101,hand,ñagem,,,abvd
kano1244-five,kano1244,five,limah,,,barlowpacific
sibu1258-five,sibu1258,five,lima,,,barlowpacific
puna1267-five,puna1267,five,limoʔ,,,chan2019
puna1278-five,puna1278,five,limoh,,,barlowpacific
sian1255-five,sian1255,five,Limoh,,,barlowpacific
buka1261-five,buka1261,five,līmɛ,,,chan2019
buka1261-hand,buka1261,hand,laŋər,,,abvd
buki1248-five,buki1248,five,limo,,,chan2019
ukit1237-five,ukit1237,five,limə,,,chan2019
puna1275-five,puna1275,five,limo,,,barlowpacific
puna1266-five,puna1266,five,limoh,,,chan2019
aohe1237-five,aohe1237,five,līmo,,,barlowpacific
hovo1239-five,hovo1239,five,dīmo,,,chan2019
kere1285-five,kere1285,five,dimo,,,chan2019
baha1257-five,baha1257,five,limaʔ,,,chan2019
bara1370-five,bara1370,five,limaʔ,,,abvd
busa1255-five,busa1255,five,limaʔ,,,chan2019
kaya1324-five,kaya1324,five,limö’,,,barlowpacific
reja1241-five,reja1241,five,limaʔ,,,abvd
reja1241-hand,reja1241,hand,usu,,,abvd
muri1259-five,muri1259,five,lemaʔ,,,barlowpacific
moda1244-five,moda1244,five,mao̯ʔ,,,chan2019
moda1244-hand,moda1244,hand,gwɛ,,,abvd
sega1243-five,sega1243,five,moʔ,,,chan2019
sega1243-hand,sega1243,hand,eguy,,,abvd
iban1264-five,iban1264,five,lima,,,barlowpacific
iban1264-hand,iban1264,hand,taŋan,,,abvd
sebe1242-five,sebe1242,five,limaʔ,,,chan2019
mual1241-five,mual1241,five,limaʔ,,,chan2019
keni1248-five,keni1248,five,limaʔ,,,chan2019
kend1254-five,kend1254,five,limɔʔ,,,chan2019
mala1480-five,mala1480,five,lima',,,barlowpacific
haji1235-five,haji1235,five,lima,,,chan2019
duan1242-five,duan1242,five,limoh,,,barlowpacific
beta1252-five,beta1252,five,lime,,,barlowpacific
beta1252-hand,beta1252,hand,taŋan,,,abvd
coco1260-five,coco1260,five,lima,,,barlowpacific
pera1256-five,pera1256,five,lima,,,barlowpacific
kaur1269-five,kaur1269,five,lima,,,barlowpacific
cent2053-five,cent2053,five,lima,,,barlowpacific
cent2053-hand,cent2053,hand,taŋan,,,abvd
kubu1239-five,kubu1239,five,lima,,,barlowpacific
coll1240-five,coll1240,five,limɛ,,,chan2019
musi1241-five,musi1241,five,limo,,,chan2019
bang1365-five,bang1365,five,lime,,,abvd
bang1365-hand,bang1365,hand,taŋan,,,abvd
lonc1237-five,lonc1237,five,limaʔ,,,chan2019
jamb1236-five,jamb1236,five,limo,,,abvd
jamb1236-hand,jamb1236,hand,taŋan,,,abvd
keri1250-five,keri1250,five,limo,,,chan2019
keri1250-hand,keri1250,hand,tana,,,abvd
lubu1241-five,lubu1241,five,limö,,,barlowpacific
mina1268-five,mina1268,five,limo,,,abvd
mina1268-hand,mina1268,hand,taŋan,,,abvd
nege1240-five,nege1240,five,limõ,,,barlowpacific
peka1242-five,peka1242,five,limʉ,,,chan2019
bali1279-five,bali1279,five,limê,,,barlowpacific
mala1479-five,mala1479,five,lima,,,chan2019
mala1479-hand,mala1479,hand,tangan,,,abvd
patt1249-five,patt1249,five,limɔ,,,barlowpacific
urak1238-five,urak1238,five,lima,,,abvd
urak1238-hand,urak1238,hand,tangan,,,abvd
oran1258-five,oran1258,five,limu,,,barlowpacific
oran1259-five,oran1259,five,limə,,,barlowpacific
teng1267-five,teng1267,five,lima,,,barlowpacific
indo1316-five,indo1316,five,lima,,,abvd
indo1316-hand,indo1316,hand,tangan,,,abvd
stan1306-five,stan1306,five,lima,,,abvd
stan1306-hand,stan1306,hand,tangan,,,abvd
banj1239-five,banj1239,five,lima,,,abvd
banj1239-hand,banj1239,hand,tangan,,,abvd
buki1247-five,buki1247,five,lima,,,barlowpacific
bera1262-five,bera1262,five,lima,,,barlowpacific
baca1243-five,baca1243,five,lima,,,barlowpacific
brun1242-five,brun1242,five,lima,,,abvd
brun1242-hand,brun1242,hand,tangan,,,abvd
saba1263-five,saba1263,five,lima,,,barlowpacific
kota1275-five,kota1275,five,lima,,,barlowpacific
baba1267-five,baba1267,five,lima,,,barlowpacific
sril1245-five,sril1245,five,liima,,,barlowpacific
maka1305-five,maka1305,five,lima,,,barlowpacific
lara1260-five,lara1260,five,lima,,,barlowpacific
kupa1239-five,kupa1239,five,lima,,,barlowpacific
ambo1250-five,ambo1250,five,lima,,,barlowpacific
ambo1250-hand,ambo1250,hand,taŋaŋ,,,abvd
band1353-five,band1353,five,lima,,,barlowpacific
nort2828-five,nort2828,five,lima,,,abvd
nort2828-hand,nort2828,hand,tangan,,,abvd
mala1481-five,mala1481,five,lima,,,barlowpacific
papu1250-five,papu1250,five,lima,,,barlowpacific
achi1257-five,achi1257,five,limong,,,abvd
achi1257-hand,achi1257,hand,taŋɨn,,,abvd
east2563-five,east2563,five,limɯ,,,chan2019
east2563-hand,east2563,hand,taŋin,,,abvd
west2650-five,west2650,five,lamɨː,,,chan2019
west2650-hand,west2650,hand,tangơn,,,abvd
haro1237-five,haro1237,five,lə'mɨᵃ,,,chan2019
cacg1235-five,cacg1235,five,ləmɨŋ,,,chan2019
chru1239-five,chru1239,five,ləmɑ,,,chan2019
chru1239-hand,chru1239,hand,tənga:n,,,abvd
sout3010-five,sout3010,five,lumɑ,,,chan2019
nort2994-five,nort2994,five,li'mɑ̃,,,chan2019
nort2994-hand,nort2994,hand,tangãn,,,abvd
tsat1238-five,tsat1238,five,ma 33,,,abvd
tsat1238-hand,tsat1238,hand,ŋa:n 33,,,abvd
biha1246-five,biha1246,five,ima,,,barlowpacific
jara1266-five,jara1266,five,rơma,,,abvd
jara1266-hand,jara1266,hand,tơngan,,,abvd
rade1240-five,rade1240,five,i'mɑ,,,chan2019
rade1240-hand,rade1240,hand,kngan,,,abvd
buka1257-five,buka1257,five,rīməh,,,chan2019
baub1235-five,baub1235,five,limo,,,barlowpacific
baub1235-hand,baub1235,hand,toŋan,,,abvd
biat1246-five,biat1246,five,riməh,,,chan2019
jang1257-five,jang1257,five,ɣimú,,,chan2019
kemb1249-five,kemb1249,five,limöng,,,barlowpacific
sema1269-five,sema1269,five,limaʔ,,,chan2019
ribu1241-five,ribu1241,five,hɪmuh,,,chan2019
sang1339-five,sang1339,five,ɣima,,,chan2019
rara1235-five,rara1235,five,(rima),,,barlowpacific
beka1241-five,beka1241,five,rimaʔ,,,abvd
beka1241-hand,beka1241,hand,barekng,,,abvd
beny1237-five,beny1237,five,rima,,,chan2019
mokl1243-five,mokl1243,five,nɛmaːʔ,,,chan2019
mokl1243-hand,mokl1243,hand,ŋɐn,,,abvd
moke1242-five,moke1242,five,lemaʔ,,,abvd
moke1242-hand,moke1242,hand,ŋan,,,abvd
gayo1244-five,gayo1244,five,limə,,,chan2019
gayo1244-hand,gayo1244,hand,pumu,,,abvd
bata1292-five,bata1292,five,limə,,,chan2019
bata1294-five,bata1294,five,lima,,,barlowpacific
bata1293-five,bata1293,five,lima,,,abvd
bata1293-hand,bata1293,hand,tān,,,abvd
bata1288-five,bata1288,five,lima,,,chan2019
bata1290-five,bata1290,five,lima,,,abvd
bata1290-hand,bata1290,hand,tangan,,,abvd
bata1291-five,bata1291,five,lima,,,abvd
bata1291-hand,bata1291,hand,tangan,,,abvd
bata1289-five,bata1289,five,lima,,,abvd
bata1289-hand,bata1289,hand,taŋan,,,abvd
ment1249-five,ment1249,five,lima,,,abvd
ment1249-hand,ment1249,hand,kabei,,,abvd
nias1242-five,nias1242,five,lima,,,abvd
nias1242-hand,nias1242,hand,taŋa,,,abvd
siku1242-five,siku1242,five,lima,,,barlowpacific
sime1241-five,sime1241,five,lima,,,abvd
sime1241-hand,sime1241,hand,kaoʔ,,,abvd
reja1240-five,reja1240,five,ləmo,,,chan2019
reja1240-hand,reja1240,hand,taŋən,,,abvd
nasa1239-five,nasa1239,five,lima,,,barlowpacific
nasa1239-hand,nasa1239,hand,culʊʔ,,,abvd
engg1245-five,engg1245,five,alima,,,barlowpacific
engg1245-hand,engg1245,hand,ʔeap,,,abvd
lamp1242-five,lamp1242,five,limå,,,barlowpacific
lamp1242-hand,lamp1242,hand,puŋew,,,abvd
kome1238-five,kome1238,five,lima,,,abvd
kome1238-hand,kome1238,hand,puŋu,,,abvd
lamp1243-five,lamp1243,five,lima,,,barlowpacific
lamp1243-hand,lamp1243,hand,puŋew,,,abvd
sund1252-five,sund1252,five,lima,,,abvd
sund1252-hand,sund1252,hand,leuŋeun,,,abvd
kawi1241-five,kawi1241,five,lima,,,barlowpacific
java1254-five,java1254,five,lima,,,abvd
java1254-hand,java1254,hand,taŋan,,,abvd
cari1276-five,cari1276,five,lima,,,barlowpacific
teng1272-five,teng1272,five,lima,,,abvd
teng1272-hand,teng1272,hand,tangan,,,abvd
kang1289-five,kang1289,five,lima,,,barlowpacific
nucl1460-five,nucl1460,five,lemaʔ,,,chan2019
nucl1460-hand,nucl1460,hand,tanaŋ,,,abvd
bali1278-five,bali1278,five,limə,,,abvd
bali1278-hand,bali1278,hand,limə,,,abvd
sasa1249-five,sasa1249,five,limə,,,abvd
sasa1249-hand,sasa1249,hand,imə,,,abvd
sumb1241-five,sumb1241,five,lima,,,abvd
sumb1241-hand,sumb1241,hand,ima,,,abvd
bima1247-five,bima1247,five,lima,,,abvd
bima1247-hand,bima1247,hand,rima,,,abvd
anak1240-five,anak1240,five,lima,,,abvd
anak1240-hand,anak1240,hand,lima,,,abvd
wanu1241-five,wanu1241,five,lima,,,abvd
wanu1241-hand,wanu1241,hand,lima,,,abvd
kamb1299-five,kamb1299,five,lima,,,abvd
kamb1299-hand,kamb1299,hand,lima,,,abvd
mamb1305-five,mamb1305,five,limma,,,chan2019
mamb1305-hand,mamb1305,hand,lúma,,,abvd
kodi1247-five,kodi1247,five,limya,,,chan2019
kodi1247-hand,kodi1247,hand,limya,,,abvd
lamb1273-five,lamb1273,five,lima,,,abvd
lamb1273-hand,lamb1273,hand,lima,,,abvd
weje1237-five,weje1237,five,limma,,,chan2019
weje1237-hand,weje1237,hand,lima,,,abvd
dhao1237-five,dhao1237,five,ləmːi,,,chan2019
sabu1255-five,sabu1255,five,lemi,,,abvd
sabu1255-hand,sabu1255,hand,wulaba,,,abvd
komo1261-five,komo1261,five,lima,,,lexirumah
komo1261-hand,komo1261,hand,lima,,,lexirumah
mang1405-five,mang1405,five,lima,,,abvd
mang1405-hand,mang1405,hand,lime,,,lexirumah
riun1237-five,riun1237,five,lima,,,barlowpacific
remb1250-five,remb1250,five,lima,,,lexirumah
remb1250-hand,remb1250,hand,mod͡zoʔ,,,lexirumah
waer1237-five,waer1237,five,lima,,,barlowpacific
ende1246-five,ende1246,five,rima,,,barlowpacific
ende1246-hand,ende1246,hand,rima,,,abvd
lioo1240-five,lioo1240,five,lima,,,barlowpacific
lioo1240-hand,lioo1240,hand,lima,,,lexirumah
keoo1238-five,keoo1238,five,(ʔəsa) dima,,,chan2019
keoo1238-hand,keoo1238,hand,dima,,,lexirumah
nage1237-five,nage1237,five,lima,,,lexirumah
nage1237-hand,nage1237,hand,lima,,,abvd
namu1249-five,namu1249,five,lima,,,barlowpacific
ngad1261-five,ngad1261,five,lima,,,abvd
ngad1261-hand,ngad1261,hand,lima,,,lexirumah
rong1269-five,rong1269,five,lima,,,lexirumah
rong1269-hand,rong1269,hand,lima,,,lexirumah
palu1252-five,palu1252,five,lima,,,abvd
palu1252-hand,palu1252,hand,lima,,,lexirumah
sika1262-five,sika1262,five,lima,,,abvd
sika1262-hand,sika1262,hand,lima,,,abvd
alor1247-five,alor1247,five,lema,,,lexirumah
alor1247-hand,alor1247,hand,limaŋ,,,lexirumah
lama1277-five,lama1277,five,lema,,,abvd
lama1277-hand,lama1277,hand,lima,,,lexirumah
lewo1244-five,lewo1244,five,lema,,,chan2019
lewo1244-hand,lewo1244,hand,lima,,,lexirumah
puka1244-hand,puka1244,hand,lima,,,lexirumah
adon1237-five,adon1237,five,lema,,,chan2019
adon1237-hand,adon1237,hand,lima,,,lexirumah
ilea1237-hand,ilea1237,hand,limak,,,lexirumah
lama1278-five,lama1278,five,lema,,,abvd
lama1278-hand,lama1278,hand,lima,,,lexirumah
levu1239-five,levu1239,five,lɛm,,,lexirumah
levu1239-hand,levu1239,hand,liˈma,,,lexirumah
sout2896-five,sout2896,five,ˈlɛma,,,lexirumah
sout2896-hand,sout2896,hand,liˈma,,,lexirumah
west2541-hand,west2541,hand,limasa,,,lexirumah
lama1279-hand,lama1279,hand,lima,,,lexirumah
lewo1243-hand,lewo1243,hand,lima,,,lexirumah
keda1252-five,keda1252,five,leme,,,abvd
keda1252-hand,keda1252,hand,liŋ,,,lexirumah
bilb1242-five,bilb1242,five,lima,,,barlowpacific
ring1244-five,ring1244,five,lima,,,lexirumah
term1237-five,term1237,five,lima,,,abvd
term1237-hand,term1237,hand,lima,,,abvd
lole1239-five,lole1239,five,lima,,,lexirumah
tiii1241-five,tiii1241,five,lima,,,lexirumah
dela1251-five,dela1251,five,lima,,,barlowpacific
deng1253-five,deng1253,five,lima,,,barlowpacific
amar1273-five,amar1273,five,nima,,,chan2019
amar1273-hand,amar1273,hand,nimi+f,,,lexirumah
baik1238-five,baik1238,five,nim,,,chan2019
uabm1237-five,uabm1237,five,nim,,,chan2019
uabm1237-hand,uabm1237,hand,nima-,,,abvd
helo1243-five,helo1243,five,lima,,,lexirumah
idat1237-five,idat1237,five,lima,,,lexirumah
idat1237-hand,idat1237,hand,lima,,,lexirumah
laka1255-five,laka1255,five,lima,,,lexirumah
laka1255-hand,laka1255,hand,limɑn,,,lexirumah
habu1241-five,habu1241,five,lima,,,lexirumah
tetu1245-five,tetu1245,five,lima,,,abvd
tetu1245-hand,tetu1245,hand,liman,,,abvd
tetu1246-five,tetu1246,five,lima,,,abvd
tetu1246-hand,tetu1246,hand,liman,,,abvd
kair1265-five,kair1265,five,kilima,,,chan2019
naue1237-five,naue1237,five,kai-lima,,,abvd
naue1237-hand,naue1237,hand,lima,,,abvd
waim1252-five,waim1252,five,lime,,,abvd
waim1252-hand,waim1252,hand,lime,,,abvd
galo1243-five,galo1243,five,lima,,,lexirumah
galo1243-hand,galo1243,hand,lima,,,lexirumah
iliu1237-five,iliu1237,five,halima,,,lexirumah
iliu1237-hand,iliu1237,hand,lima,,,abvd
aput1237-five,aput1237,five,lima,,,lexirumah
aput1237-hand,aput1237,hand,lima,,,lexirumah
pera1257-five,pera1257,five,lima,,,lexirumah
pera1257-hand,pera1257,hand,lima,,,lexirumah
tugu1245-five,tugu1245,five,ˈlima,,,barlowpacific
tugu1245-hand,tugu1245,hand,'liman,,,abvd
maku1277-five,maku1277,five,hɔlíma,,,chan2019
kisa1266-five,kisa1266,five,woˈlima,,,lexirumah
kisa1266-hand,kisa1266,hand,lima-,,,abvd
roma1332-five,roma1332,five,woˈlima,,,lexirumah
roma1332-hand,roma1332,hand,ˈlim+na,,,lexirumah
leti1246-five,leti1246,five,vò-lima,,,barlowpacific
leti1246-hand,leti1246,hand,lima,,,abvd
luan1263-five,luan1263,five,wolima,,,lexirumah
luan1263-hand,luan1263,hand,lima,,,abvd
east2472-five,east2472,five,woˈlim,,,lexirumah
east2472-hand,east2472,hand,'limano,,,abvd
daii1240-five,daii1240,five,nim,,,chan2019
daii1240-hand,daii1240,hand,'imon,,,abvd
dawe1237-five,dawe1237,five,lim,,,abvd
dawe1237-hand,dawe1237,hand,'imol,,,abvd
nort2860-five,nort2860,five,'nimo,,,chan2019
nort2860-hand,nort2860,hand,'namne,,,abvd
cent2072-five,cent2072,five,wuˈlim,,,lexirumah
cent2072-hand,cent2072,hand,ˈlim+nei,,,lexirumah
east2462-five,east2462,five,ˈwulim,,,lexirumah
east2462-hand,east2462,hand,ˈnim,,,lexirumah
seri1255-five,seri1255,five,buˈlim,,,lexirumah
seri1255-hand,seri1255,hand,ˈlim,,,lexirumah
sout2883-five,sout2883,five,wɔˈlim,,,lexirumah
sout2883-hand,sout2883,hand,ˈlim,,,lexirumah
empl1237-five,empl1237,five,woˈlim,,,lexirumah
empl1237-hand,empl1237,hand,'lipe,,,abvd
imro1237-five,imro1237,five,wo'lim,,,chan2019
imro1237-hand,imro1237,hand,lim+ˈmu+te,,,lexirumah
tela1241-five,tela1241,five,'wolim,,,chan2019
tela1241-hand,tela1241,hand,'itmi,,,abvd
west2548-five,west2548,five,vi'limo,,,chan2019
west2548-hand,west2548,hand,'lima,,,abvd
sela1259-five,sela1259,five,énasim,,,chan2019
sela1259-hand,sela1259,hand,sima-,,,abvd
selu1242-five,selu1242,five,dim,,,chan2019
nila1244-five,nila1244,five,ˈlimu,,,barlowpacific
nila1244-hand,nila1244,hand,ˈlima,,,lexirumah
seru1245-five,seru1245,five,ˈlimu,,,lexirumah
seru1245-hand,seru1245,hand,ˈlima,,,lexirumah
teun1241-five,teun1241,five,'limu,,,chan2019
teun1241-hand,teun1241,hand,'lima,,,abvd
ambe1248-five,ambe1248,five,'lima,,,chan2019
buru1303-five,buru1303,five,lima,,,abvd
buru1303-hand,buru1303,hand,fahan,,,abvd
huku1237-five,huku1237,five,Ěklīma,,,barlowpacific
lise1239-five,lise1239,five,limo,,,barlowpacific
sula1248-five,sula1248,five,ɡalima,,,chan2019
kaye1241-five,kaye1241,five,Lima,,,barlowpacific
asil1242-five,asil1242,five,lima,,,abvd
asil1242-hand,asil1242,hand,lima-,,,abvd
boan1242-five,boan1242,five,ni'mawa,,,chan2019
lari1255-five,lari1255,five,dima,,,chan2019
luhu1243-five,luhu1243,five,'lima,,,chan2019
mani1297-five,mani1297,five,'lima,,,chan2019
paul1238-five,paul1238,five,rima,,,barlowpacific
paul1238-hand,paul1238,hand,rima,,,abvd
laha1251-five,laha1251,five,rima,,,chan2019
seit1239-five,seit1239,five,lima,,,barlowpacific
hitu1239-five,hitu1239,five,'lima,,,chan2019
hitu1239-hand,hitu1239,hand,lima,,,abvd
tule1244-five,tule1244,five,rima,,,abvd
tule1244-hand,tule1244,hand,rima,,,abvd
kaib1244-five,kaib1244,five,'r̃ima,,,chan2019
haru1244-five,haru1244,five,rima,,,barlowpacific
amah1245-five,amah1245,five,rima,,,abvd
amah1245-hand,amah1245,hand,rima,,,abvd
nusa1245-five,nusa1245,five,rima,,,barlowpacific
sapa1251-five,sapa1251,five,lima,,,barlowpacific
kama1362-five,kama1362,five,'rima,,,chan2019
sepa1242-five,sepa1242,five,lima,,,chan2019
telu1263-five,telu1263,five,lima,,,barlowpacific
hulu1246-five,hulu1246,five,'lima,,,chan2019
lisa1239-five,lisa1239,five,'nima,,,chan2019
sale1244-five,sale1244,five,'nima,,,chan2019
alun1238-five,alun1238,five,lima,,,abvd
alun1238-hand,alun1238,hand,bala,,,abvd
naka1263-five,naka1263,five,'lima,,,chan2019
yala1266-five,yala1266,five,lima,,,barlowpacific
nort2864-five,nort2864,five,'lima,,,chan2019
huau1237-five,huau1237,five,lima,,,chan2019
manu1258-five,manu1258,five,lima,,,barlowpacific
sout2895-five,sout2895,five,nima,,,abvd
sout2895-hand,sout2895,hand,fanare,,,abvd
kema1243-five,kema1243,five,lima,,,barlowpacific
kema1243-hand,kema1243,hand,lima-r,,,abvd
tuku1254-five,tuku1254,five,lim,,,abvd
tuku1254-hand,tuku1254,hand,limu,,,abvd
wela1235-five,wela1235,five,lima,,,barlowpacific
wela1235-hand,wela1235,hand,lima+n,,,lexirumah
mamb1306-five,mamb1306,five,lim,,,chan2019
mamb1306-hand,mamb1306,hand,lima,,,lexirumah
ford1242-five,ford1242,five,limà,,,barlowpacific
ford1242-hand,ford1242,hand,lima-,,,abvd
keii1239-five,keii1239,five,lim,,,chan2019
keii1239-hand,keii1239,hand,liman,,,abvd
yamd1240-five,yamd1240,five,limé,,,barlowpacific
yamd1240-hand,yamd1240,hand,lime,,,abvd
urua1244-five,urua1244,five,nima,,,barlowpacific
urua1244-hand,urua1244,hand,ˈtaŋan,,,lexirumah
onin1245-five,onin1245,five,ˈnima,,,lexirumah
onin1245-hand,onin1245,hand,ˈniman,,,lexirumah
seka1247-five,seka1247,five,nima,,,barlowpacific
seka1247-hand,seka1247,hand,nina-n,,,abvd
teor1240-five,teor1240,five,lima,,,chan2019
kurr1245-five,kurr1245,five,lima,,,barlowpacific
irar1238-five,irar1238,five,fradfid,,,abvd
irar1238-hand,irar1238,hand,fra,,,abvd
kuri1260-five,kuri1260,five,fradəvid,,,barlowpacific
argu1237-five,argu1237,five,rim,,,barlowpacific
argu1237-hand,argu1237,hand,ruma-,,,abvd
bedo1237-five,bedo1237,five,rim,,,lexirumah
erok1237-five,erok1237,five,rim,,,chan2019
lian1255-five,lian1255,five,lima,,,barlowpacific
bobo1254-five,bobo1254,five,lima,,,barlowpacific
bobo1254-hand,bobo1254,hand,animan,,,abvd
masi1266-five,masi1266,five,limǎ,,,barlowpacific
masi1266-hand,masi1266,hand,-niman,,,abvd
bati1253-five,bati1253,five,Lim,,,barlowpacific
gese1240-five,gese1240,five,lim,,,chan2019
gese1240-hand,gese1240,hand,ma,,,abvd
kowi1239-five,kowi1239,five,rim,,,chan2019
kowi1239-hand,kowi1239,hand,nima,,,abvd
watu1247-five,watu1247,five,lima,,,barlowpacific
watu1247-hand,watu1247,hand,ma-,,,abvd
band1355-five,band1355,five,'limo,,,chan2019
west2538-five,west2538,five,lema,,,chan2019
west2538-hand,west2538,hand,lema-,,,abvd
east2465-five,east2465,five,'lema,,,chan2019
kare1339-five,kare1339,five,lim,,,chan2019
bara1367-five,bara1367,five,lem,,,chan2019
lora1237-five,lora1237,five,'lima,,,chan2019
koba1240-five,koba1240,five,'limay,,,chan2019
dobe1238-five,dobe1238,five,lima,,,abvd
dobe1238-hand,dobe1238,hand,lima-,,,abvd
mano1275-five,mano1275,five,lima,,,lexirumah
mano1275-hand,mano1275,hand,lim,,,lexirumah
lola1248-five,lola1248,five,'lima,,,chan2019
mari1430-five,mari1430,five,lem,,,chan2019
batu1258-five,batu1258,five,lim,,,abvd
batu1258-hand,batu1258,hand,lim,,,lexirumah
ujir1237-five,ujir1237,five,lima,,,abvd
ujir1237-hand,ujir1237,hand,lima,,,abvd
komp1237-five,komp1237,five,'lima,,,chan2019
kola1285-five,kola1285,five,lima,,,abvd
kola1285-hand,kola1285,hand,lima,,,abvd
pala1344-five,pala1344,five,kleim,,,abvd
pala1344-hand,pala1344,hand,chim,,,abvd
cham1312-five,cham1312,five,lima,,,abvd
cham1312-hand,cham1312,hand,kannai,,,abvd
buli1255-five,buli1255,five,lim,,,barlowpacific
buli1255-hand,buli1255,hand,kakamo,,,abvd
maba1278-five,maba1278,five,lim,,,barlowpacific
pata1260-five,pata1260,five,ailiem,,,barlowpacific
sawa1247-five,sawa1247,five,lim,,,barlowpacific
sawa1247-hand,sawa1247,hand,fa+o,,,lexirumah
east2440-five,east2440,five,p-lim,,,chan2019
east2440-hand,east2440,hand,kamoʔ,,,abvd
gane1237-five,gane1237,five,plim,,,barlowpacific
gane1237-hand,gane1237,hand,komu,,,abvd
gebe1237-five,gebe1237,five,pilim,,,chan2019
gebe1237-hand,gebe1237,hand,kame,,,abvd
matb1237-five,matb1237,five,lim,,,barlowpacific
matb1237-hand,matb1237,hand,kanano,,,abvd
kawe1240-five,kawe1240,five,lim,,,barlowpacific
lege1241-five,lege1241,five,lim,,,barlowpacific
maya1282-five,maya1282,five,lim,,,barlowpacific
wauy1237-five,wauy1237,five,lim,,,barlowpacific
waig1244-five,waig1244,five,lim,,,barlowpacific
biga1238-five,biga1238,five,lim,,,barlowpacific
made1253-five,made1253,five,lim,,,barlowpacific
asss1237-five,asss1237,five,lim,,,barlowpacific
asss1237-hand,asss1237,hand,-npa,,,abvd
biak1248-five,biak1248,five,rim,,,abvd
biak1248-hand,biak1248,hand,rwa,,,abvd
roon1237-five,roon1237,five,rim,,,abvd
roon1237-hand,roon1237,hand,vara,,,abvd
dusn1237-five,dusn1237,five,rimbi,,,barlowpacific
meos1237-five,meos1237,five,rim,,,chan2019
yaur1239-five,yaur1239,five,breiare,,,barlowpacific
ires1239-five,ires1239,five,rima,,,barlowpacific
yere1243-five,yere1243,five,matehi,,,chan2019
amba1265-five,amba1265,five,riŋ,,,abvd
amba1265-hand,amba1265,hand,waraŋ,,,abvd
ansu1237-five,ansu1237,five,riŋ,,,chan2019
ansu1237-hand,ansu1237,hand,warang,,,abvd
mara1397-five,mara1397,five,riŋ,,,chan2019
wand1267-five,wand1267,five,rim,,,barlowpacific
wand1267-hand,wand1267,hand,vara,,,abvd
woii1237-five,woii1237,five,diŋ,,,chan2019
mung1269-five,mung1269,five,bo-riŋ,,,chan2019
papu1251-five,papu1251,five,bo-riŋ,,,chan2019
pomm1237-five,pomm1237,five,ri(m),,,barlowpacific
pomm1237-hand,pomm1237,hand,waran,,,abvd
busa1254-five,busa1254,five,riŋ,,,chan2019
seru1244-five,seru1244,five,riŋ,,,chan2019
kuru1305-five,kuru1305,five,boverim,,,chan2019
wabo1240-five,wabo1240,five,weriŋ,,,chan2019
tand1253-five,tand1253,five,marasi,,,barlowpacific
morm1235-five,morm1235,five,rimo,,,barlowpacific
morm1235-hand,morm1235,hand,vére,,,abvd
waro1242-five,waro1242,five,rimo,,,abvd
waro1242-hand,waro1242,hand,baha,,,abvd
ware1253-five,ware1253,five,rinti,,,lexirumah
ware1253-hand,ware1253,hand,ke+βera+ro,,,lexirumah
pauw1243-five,pauw1243,five,bĕri̱e̱ms,,,barlowpacific
yoke1238-five,yoke1238,five,biarimsi,,,chan2019
ngul1236-hand,ngul1236,hand,pan,,,abvd
yape1248-five,yape1248,five,lal',,,abvd
yape1248-hand,yape1248,hand,paaq,,,abvd
tobi1238-five,tobi1238,five,rimou,,,chan2019
tobi1238-hand,tobi1238,hand,humwots,,,abvd
sons1242-five,sons1242,five,lim,,,abvd
sons1242-hand,sons1242,hand,paaú,,,abvd
ulit1238-five,ulit1238,five,lɪmou,,,chan2019
ulit1238-hand,ulit1238,hand,pa,,,abvd
mapi1250-five,mapi1250,five,lĕmó,,,barlowpacific
wole1240-five,wole1240,five,lima-,,,abvd
wole1240-hand,wole1240,hand,paaú,,,abvd
sata1237-five,sata1237,five,nima,,,chan2019
sata1237-hand,sata1237,hand,paay,,,abvd
namo1247-five,namo1247,five,lɨmʷˠow,,,chan2019
paaf1237-five,paaf1237,five,lɨmʷˠow,,,chan2019
tana1281-five,tana1281,five,lima-,,,abvd
tana1281-hand,tana1281,hand,gumwuʀ,,,abvd
caro1242-five,caro1242,five,lima,,,chan2019
caro1242-hand,caro1242,hand,payú-,,,abvd
pulu1242-five,pulu1242,five,lime,,,abvd
pulu1242-hand,pulu1242,hand,paaw,,,abvd
chuu1238-five,chuu1238,five,nima-,,,abvd
chuu1238-hand,chuu1238,hand,péwú-,,,abvd
mort1237-five,mort1237,five,lima-,,,abvd
mort1237-hand,mort1237,hand,paʉ-,,,abvd
pohn1238-five,pohn1238,five,limɛ-ysɛk,,,abvd
pohn1238-hand,pohn1238,hand,lime,,,abvd
moki1238-five,moki1238,five,-lim,,,abvd
moki1238-hand,moki1238,hand,pɔɔ,,,abvd
ping1243-five,ping1243,five,limau,,,abvd
ping1243-hand,ping1243,hand,pe,,,abvd
mars1254-five,mars1254,five,lima-,,,abvd
mars1254-hand,mars1254,hand,peyi-,,,abvd
gilb1244-five,gilb1244,five,nima-,,,abvd
gilb1244-hand,gilb1244,hand,bái,,,abvd
kosr1238-five,kosr1238,five,lime-,,,abvd
kosr1238-hand,kosr1238,hand,paho,,,abvd
naur1243-five,naur1243,five,eːjimo,,,chan2019
naur1243-hand,naur1243,hand,e-bee,,,abvd
kani1283-five,kani1283,five,himiab,,,barlowpacific
kani1282-five,kani1282,five,mia,,,abvd
kani1282-hand,kani1282,hand,pani-m,,,abvd
seim1238-five,seim1238,five,te-panim,,,barlowpacific
seim1238-hand,seim1238,hand,mina-n,,,abvd
wuvu1239-five,wuvu1239,five,aipani,,,chan2019
wuvu1239-hand,wuvu1239,hand,pani,,,abvd
herm1237-five,herm1237,five,liːmep,,,abvd
herm1237-hand,herm1237,hand,nime-k,,,abvd
bipi1237-five,bipi1237,five,liːme,,,abvd
bipi1237-hand,bipi1237,hand,liːmew,,,abvd
nyin1250-five,nyin1250,five,lime-h,,,abvd
nyin1250-hand,nyin1250,hand,lime-,,,abvd
sori1242-five,sori1242,five,limep,,,abvd
sori1242-hand,sori1242,hand,nime-m,,,abvd
liku1243-five,liku1243,five,lime,,,barlowpacific
liku1243-hand,liku1243,hand,lime-n,,,abvd
kheh1237-five,kheh1237,five,liːme,,,abvd
kheh1237-hand,kheh1237,hand,liːme,,,abvd
mond1265-five,mond1265,five,limeh,,,barlowpacific
tulu1259-five,tulu1259,five,limiah,,,barlowpacific
tulu1259-hand,tulu1259,hand,gabweːm,,,abvd
pona1250-five,pona1250,five,limef,,,abvd
pona1250-hand,pona1250,hand,lime-k,,,abvd
kurt1250-five,kurt1250,five,limweh,,,barlowpacific
kele1258-five,kele1258,five,limweh,,,barlowpacific
kele1258-hand,kele1258,hand,leme-n,,,abvd
eree1241-five,eree1241,five,limo,,,barlowpacific
andr1248-five,andr1248,five,limeh,,,barlowpacific
andr1248-hand,andr1248,hand,lime-m,,,abvd
leip1237-five,leip1237,five,(ma)limeh,,,barlowpacific
leip1237-hand,leip1237,hand,nimu-,,,abvd
bowa1234-five,bowa1234,five,lima,,,barlowpacific
bowa1234-hand,bowa1234,hand,kope-,,,abvd
lele1270-five,lele1270,five,malimah,,,chan2019
tita1241-five,tita1241,five,lima,,,abvd
tita1241-hand,tita1241,hand,lima,,,abvd
nali1245-five,nali1245,five,yimah,,,chan2019
nali1245-hand,nali1245,hand,jiːmo-n,,,abvd
loni1238-five,loni1238,five,limeh,,,barlowpacific
loni1238-hand,loni1238,hand,nime-n,,,abvd
moke1240-five,moke1240,five,malimeh,,,barlowpacific
moke1240-hand,moke1240,hand,nime-n,,,abvd
pakt1239-five,pakt1239,five,nuron,,,barlowpacific
pakt1239-hand,pakt1239,hand,mine-k,,,abvd
louu1245-five,louu1245,five,ŋuran,,,abvd
louu1245-hand,louu1245,hand,mina-,,,abvd
balu1257-five,balu1257,five,ŋuːnan,,,abvd
balu1257-hand,balu1257,hand,min-,,,barlowpacific
lenk1247-five,lenk1247,five,ŋuran,,,barlowpacific
penc1239-five,penc1239,five,rurin,,,barlowpacific
naun1237-five,naun1237,five,tutən,,,barlowpacific
naun1237-hand,naun1237,hand,min,,,abvd
muss1246-five,muss1246,five,lima,,,abvd
muss1246-hand,muss1246,hand,nima-,,,abvd
teni1244-five,teni1244,five,'ɣɑlimɑ,,,chan2019
liki1241-five,liki1241,five,lim,,,chan2019
sobe1238-five,sobe1238,five,dim,,,chan2019
sobe1238-hand,sobe1238,hand,imi-m,,,abvd
wakd1237-five,wakd1237,five,lim,,,barlowpacific
masi1265-five,masi1265,five,rim,,,barlowpacific
yamn1237-five,yamn1237,five,rim,,,barlowpacific
anus1237-five,anus1237,five,arim,,,chan2019
bong1287-five,bong1287,five,rim,,,barlowpacific
tarp1240-five,tarp1240,five,rim,,,barlowpacific
tarp1240-hand,tarp1240,hand,mi-,,,abvd
ormu1248-five,ormu1248,five,aruratima,,,barlowpacific
kayu1243-five,kayu1243,five,mənema,,,barlowpacific
kayu1243-hand,kayu1243,hand,ia-,,,abvd
toba1266-five,toba1266,five,mə'niʌm,,,chan2019
toba1266-hand,toba1266,hand,ajè charijog,,,abvd
kapp1237-five,kapp1237,five,lim,,,barlowpacific
kapp1237-hand,kapp1237,hand,awiə-k,,,abvd
tuml1238-five,tuml1238,five,leim,,,barlowpacific
sera1260-five,sera1260,five,bíŋɡɑn ponteneŋ,,,barlowpacific
sera1260-hand,sera1260,hand,bɛlɔŋ,,,barlowpacific
arop1242-five,arop1242,five,eltin-eltin-puntanen,,,barlowpacific
arop1242-hand,arop1242,hand,bage-k,,,abvd
malo1245-five,malo1245,five,eltin eltin pontenen,,,barlowpacific
siss1243-five,siss1243,five,eltin eltin pontenen,,,barlowpacific
siss1243-hand,siss1243,hand,awen-lapa-n,,,abvd
ulau1237-five,ulau1237,five,ayiakalun,,,barlowpacific
ulau1237-hand,ulau1237,hand,ayi-m,,,barlowpacific
kaie1237-five,kaie1237,five,lim,,,barlowpacific
kaie1237-hand,kaie1237,hand,au-in,,,barlowpacific
tere1276-five,tere1276,five,lim,,,chan2019
kair1263-five,kair1263,five,lim,,,abvd
kair1263-hand,kair1263,hand,koweñ,,,abvd
biem1237-five,biem1237,five,kiki be kubwɑ,,,chan2019
biem1237-hand,biem1237,hand,lima-,,,barlowpacific
mana1295-five,mana1295,five,lima,,,abvd
mana1295-hand,mana1295,hand,debu,,,abvd
sepa1241-five,sepa1241,five,lima,,,barlowpacific
sepa1241-hand,sepa1241,hand,lima-,,,barlowpacific
kiss1246-five,kiss1246,five,lima,,,chan2019
kiss1246-hand,kiss1246,hand,dəmá,,,abvd
woge1237-five,woge1237,five,(kʷik) bʷa-kobʷá,,,chan2019
woge1237-hand,woge1237,hand,lima,,,abvd
mede1237-five,mede1237,five,lim,,,barlowpacific
mede1237-hand,mede1237,hand,nima-,,,barlowpacific
awad1244-five,awad1244,five,lima-d bad,,,abvd
awad1244-hand,awad1244,hand,lima-,,,abvd
mind1255-five,mind1255,five,mandi-ta,,,abvd
mind1255-hand,mind1255,hand,moŋga,,,abvd
wabb1237-five,wabb1237,five,tindum,,,abvd
wabb1237-hand,wabb1237,hand,ima-,,,abvd
bilb1241-five,bilb1241,five,niman-ta,,,chan2019
bilb1241-hand,bilb1241,hand,niman,,,abvd
geda1237-five,geda1237,five,niman ta,,,barlowpacific
geda1237-hand,geda1237,hand,nimán,,,abvd
mari1428-five,mari1428,five,ima tekelai kusupela,,,barlowpacific
mari1428-hand,mari1428,hand,ima,,,barlowpacific
matu1261-five,matu1261,five,numan tahek,,,abvd
matu1261-hand,matu1261,hand,numa/n,,,abvd
taki1248-five,taki1248,five,bāni(n),,,barlowpacific
taki1248-hand,taki1248,hand,bani-,,,abvd
mato1252-five,mato1252,five,lua lua hiliana,,,barlowpacific
mato1252-hand,mato1252,hand,rima-ra,,,abvd
ronj1237-five,ronj1237,five,dimɑrɑ pɑtendeninɑ,,,barlowpacific
ronj1237-hand,ronj1237,hand,dimara,,,barlowpacific
arop1243-five,arop1243,five,limi,,,barlowpacific
arop1243-hand,arop1243,hand,bene-,,,barlowpacific
karn1252-five,karn1252,five,lim,,,barlowpacific
mala1487-five,mala1487,five,bagerata,,,abvd
mala1487-hand,mala1487,hand,bage-ra,,,abvd
murp1234-five,murp1234,five,igia kalpanə,,,barlowpacific
murp1234-hand,murp1234,hand,bage-k,,,barlowpacific
sioo1240-five,sioo1240,five,lima,,,abvd
sioo1240-hand,sioo1240,hand,mbau,,,abvd
mbul1263-five,mbul1263,five,lama ta,,,barlowpacific
mbul1263-hand,mbul1263,hand,nama,,,abvd
male1289-five,male1289,five,masa,,,chan2019
male1289-hand,male1289,hand,ḇaǥe,,,abvd
amar1272-five,amar1272,five,lume,,,chan2019
amar1272-hand,amar1272,hand,lume,,,abvd
lamo1244-five,lamo1244,five,lime,,,barlowpacific
lamo1244-hand,lamo1244,hand,milpú,,,abvd
mouk1239-five,mouk1239,five,elme,,,barlowpacific
mouk1239-hand,mouk1239,hand,limla,,,abvd
akol1237-five,akol1237,five,lim,,,barlowpacific
akol1237-hand,akol1237,hand,lama,,,abvd
avau1237-five,avau1237,five,limi,,,abvd
avau1237-hand,avau1237,hand,mini,,,abvd
lesi1239-five,lesi1239,five,lim,,,barlowpacific
lesi1239-hand,lesi1239,hand,i'meni,,,barlowpacific
aikl1237-five,aikl1237,five,liem,,,barlowpacific
apal1255-five,apal1255,five,eliem,,,barlowpacific
apal1255-hand,apal1255,hand,ime,,,barlowpacific
gimi1242-five,gimi1242,five,lim,,,barlowpacific
gimi1242-hand,gimi1242,hand,imom,,,barlowpacific
solo1258-five,solo1258,five,(e)nolim,,,barlowpacific
bebe1252-five,bebe1252,five,elimikapeke,,,barlowpacific
bebe1252-hand,bebe1252,hand,mini,,,abvd
mang1403-five,mang1403,five,lim,,,abvd
mang1403-hand,mang1403,hand,mɛni,,,abvd
aigh1235-five,aigh1235,five,ɛsip,,,chan2019
kaul1240-five,kaul1240,five,aep,,,barlowpacific
kaul1240-hand,kaul1240,hand,wĩi-,,,abvd
miuu1237-five,miuu1237,five,ep,,,chan2019
seng1281-five,seng1281,five,eip,,,barlowpacific
seng1281-hand,seng1281,hand,vili-,,,abvd
lote1237-five,lote1237,five,lime,,,barlowpacific
lote1237-hand,lote1237,hand,pe-,,,barlowpacific
mamu1254-five,mamu1254,five,lima,,,barlowpacific
mamu1254-hand,mamu1254,hand,kama,,,barlowpacific
meng1267-five,meng1267,five,lima,,,barlowpacific
meng1267-hand,meng1267,hand,ka'mana,,,abvd
tami1290-five,tami1290,five,lim,,,abvd
tami1290-hand,tami1290,hand,limang,,,barlowpacific
mala1489-five,mala1489,five,nimanda emo,,,barlowpacific
mala1489-hand,mala1489,hand,nima-,,,abvd
gitu1237-five,gitu1237,five,niːma,,,barlowpacific
gitu1237-hand,gitu1237,hand,nima-,,,abvd
mutu1242-five,mutu1242,five,lim,,,abvd
mutu1242-hand,mutu1242,hand,nima-,,,abvd
bari1286-five,bari1286,five,lima,,,abvd
bari1286-hand,bari1286,hand,bage,,,abvd
kove1237-five,kove1237,five,lima,,,abvd
kove1237-hand,kove1237,hand,lima,,,abvd
lusi1240-five,lusi1240,five,lima,,,barlowpacific
arib1241-five,arib1241,five,baɡiɡ wenen,,,chan2019
arib1241-hand,arib1241,hand,baɡiɡ,,,chan2019
arib1240-five,arib1240,five,paŋɡi-ŋɡ lefen,,,chan2019
arib1240-hand,arib1240,hand,paŋɡi-ŋɡ,,,chan2019
duwe1237-five,duwe1237,five,limaŋɡa arinaŋ,,,chan2019
duwe1237-hand,duwe1237,hand,limaŋɡa,,,chan2019
muso1238-five,muso1238,five,bai-ŋ rehen,,,chan2019
muso1238-hand,muso1238,hand,bai-ŋ,,,chan2019
nafi1237-five,nafi1237,five,baing lafen,,,barlowpacific
nafi1237-hand,nafi1237,hand,baing,,,barlowpacific
labu1248-five,labu1248,five,maipi,,,barlowpacific
wamp1247-five,wamp1247,five,baŋid oroz,,,chan2019
wamp1247-hand,wamp1247,hand,baŋi-n,,,abvd
adze1240-five,adze1240,five,bangi bitsinta,,,barlowpacific
adze1240-hand,adze1240,hand,bangi,,,barlowpacific
mari1429-five,mari1429,five,hiɾukaŋkwakahiɾukaŋkwabasinta,,,barlowpacific
sara1323-five,sara1323,five,iruk da iruk a mangan,,,barlowpacific
suku1264-five,suku1264,five,leluk anga leluk anga bisan,,,barlowpacific
wamp1248-five,wamp1248,five,bacin marahin sib,,,barlowpacific
wamp1248-hand,wamp1248,hand,bacin,,,barlowpacific
midd1327-five,midd1327,five,lelaso ŋa beŋki,,,barlowpacific
midd1327-hand,midd1327,hand,beŋki,,,barlowpacific
nort2857-five,nort2857,five,baŋkeʔ haitsiʔ,,,chan2019
nort2857-hand,nort2857,hand,baŋkeʔ,,,chan2019
sout2877-five,sout2877,five,bangi takanan,,,barlowpacific
sout2877-hand,sout2877,hand,bangi,,,barlowpacific
buga1250-five,buga1250,five,lim dang,,,barlowpacific
buga1250-hand,buga1250,hand,amang,,,barlowpacific
yabe1254-five,yabe1254,five,lemeŋteŋ,,,abvd
yabe1254-hand,yabe1254,hand,lêma,,,abvd
kela1255-five,kela1255,five,lita,,,abvd
kela1255-hand,kela1255,hand,maŋge,,,abvd
kapi1250-five,kapi1250,five,lim,,,barlowpacific
mang1404-five,mang1404,five,nama vaalu,,,barlowpacific
mang1404-hand,mang1404,hand,nama,,,barlowpacific
mapo1242-five,mapo1242,five,oronvalu,,,barlowpacific
mapo1242-hand,mapo1242,hand,oro,,,abvd
damb1246-five,damb1246,five,ƀaˈlu,,,barlowpacific
damb1246-hand,damb1246,hand,nəˈma,,,barlowpacific
kuma1278-five,kuma1278,five,nəma'βaru,,,chan2019
kuma1278-hand,kuma1278,hand,neˈma,,,barlowpacific
gora1262-five,gora1262,five,nəma'βəlu,,,chan2019
gora1262-hand,gora1262,hand,ƀəˈŋɡi,,,barlowpacific
pate1247-five,pate1247,five,vgɛvlu,,,abvd
pate1247-hand,pate1247,hand,vge,,,abvd
zena1237-five,zena1237,five,nəˈma ƀəˈlu,,,barlowpacific
zena1237-hand,zena1237,hand,nəˈma,,,barlowpacific
piuu1237-five,piuu1237,five,vate,,,barlowpacific
piuu1237-hand,piuu1237,hand,banggi,,,barlowpacific
vehe1237-five,vehe1237,five,nəma baru,,,barlowpacific
hote1245-five,hote1245,five,baɣan-vi,,,abvd
hote1245-hand,hote1245,hand,baɣan,,,abvd
yama1260-five,yama1260,five,bahengvi,,,barlowpacific
yama1260-hand,yama1260,hand,bahe-,,,barlowpacific
iwal1237-five,iwal1237,five,bage tavlu,,,barlowpacific
iwal1237-hand,iwal1237,hand,bage,,,barlowpacific
numb1247-five,numb1247,five,nima teula,,,abvd
numb1247-hand,numb1247,hand,nima,,,abvd
mais1250-five,mais1250,five,faketi tarosi,,,abvd
mais1250-hand,mais1250,hand,fake,,,abvd
aree1239-five,aree1239,five,nima masiana,,,barlowpacific
aree1239-hand,aree1239,hand,nima,,,barlowpacific
doga1238-five,doga1238,five,imeimate,,,barlowpacific
arif1239-five,arif1239,five,umat roun,,,barlowpacific
arif1239-hand,arif1239,hand,umat,,,chan2019
gapa1238-five,gapa1238,five,ima ikovi,,,chan2019
gapa1238-hand,gapa1238,hand,ima-,,,abvd
ghay1237-five,ghay1237,five,meikovi,,,barlowpacific
ghay1237-hand,ghay1237,hand,ima,,,abvd
kani1281-five,kani1281,five,nima fafana tamo,,,barlowpacific
kani1281-hand,kani1281,hand,nima,,,barlowpacific
ubir1237-five,ubir1237,five,nim,,,barlowpacific
ubir1237-hand,ubir1237,hand,ima|n,,,abvd
mina1269-five,mina1269,five,nima papani keana,,,chan2019
mina1269-hand,mina1269,hand,nima,,,abvd
gwed1239-five,gwed1239,five,nima emosi i tutu,,,chan2019
gwed1239-hand,gwed1239,hand,nima,,,chan2019
haig1237-five,haig1237,five,nima em mota,,,chan2019
haig1237-hand,haig1237,hand,nima,,,chan2019
maiw1249-five,maiw1249,five,nimatutu,,,chan2019
taup1242-five,taup1242,five,nima emosi i tutu,,,chan2019
taup1242-hand,taup1242,hand,nima,,,chan2019
waem1237-five,waem1237,five,ulitutu,,,chan2019
tawa1275-five,tawa1275,five,nima i-tutu,,,chan2019
tawa1275-hand,tawa1275,hand,nima,,,abvd
weda1241-five,weda1241,five,ura tagogi,,,abvd
weda1241-hand,weda1241,hand,urana,,,abvd
yaka1275-five,yaka1275,five,tonu ma rua,,,barlowpacific
yaka1275-hand,yaka1275,hand,nimanʌ,,,barlowpacific
dawa1242-five,dawa1242,five,nima tegana yakovina,,,barlowpacific
dawa1242-hand,dawa1242,hand,nima,,,abvd
kaka1267-five,kaka1267,five,nima ɣemota,,,chan2019
kaka1267-hand,kaka1267,hand,nima,,,chan2019
anuk1239-five,anuk1239,five,imikovi or imana i kovi,,,chan2019
anuk1239-hand,anuk1239,hand,ima,,,abvd
bwai1242-five,bwai1242,five,nima fafali tamo,,,barlowpacific
bwai1242-hand,bwai1242,hand,nima-,,,abvd
idun1242-five,idun1242,five,nimada fafalatamo,,,barlowpacific
idun1242-hand,idun1242,hand,nima,,,abvd
diod1237-five,diod1237,five,nimafakewatamo,,,chan2019
diod1237-hand,diod1237,hand,nimafouna,,,abvd
iama1237-five,iama1237,five,nima vaiʔai,,,chan2019
iama1237-hand,iama1237,hand,nima,,,abvd
maia1251-five,maia1251,five,dimanina,,,chan2019
kolu1245-five,kolu1245,five,nimayavai,,,chan2019
kolu1245-hand,kolu1245,hand,nima,,,abvd
moli1248-five,moli1248,five,nima,,,chan2019
moli1248-hand,moli1248,hand,nima-,,,abvd
guma1254-five,guma1254,five,nima,,,abvd
guma1254-hand,guma1254,hand,nimana,,,abvd
bose1237-five,bose1237,five,nimata,,,chan2019
gale1257-five,gale1257,five,dimanina,,,chan2019
buna1276-five,buna1276,five,nima,,,abvd
buna1276-hand,buna1276,hand,nima,,,abvd
mwat1237-five,mwat1237,five,nima,,,chan2019
dobu1241-five,dobu1241,five,nima,,,abvd
dobu1241-hand,dobu1241,hand,nima-na,,,abvd
duau1237-five,duau1237,five,nimana,,,chan2019
sewa1251-five,sewa1251,five,nima kaikeda,,,chan2019
sewa1251-hand,sewa1251,hand,nima,,,abvd
unub1234-five,unub1234,five,nimɑ ɑmoʔɑ iɡehe,,,barlowpacific
unub1234-hand,unub1234,hand,nimɑ,,,barlowpacific
waga1268-five,waga1268,five,nima yatutu,,,barlowpacific
waga1268-hand,waga1268,hand,nima,,,barlowpacific
buhu1237-five,buhu1237,five,faligigi,,,abvd
buhu1237-hand,buhu1237,hand,nima,,,abvd
sali1295-five,sali1295,five,haligigi,,,abvd
sali1295-hand,sali1295,hand,nima,,,abvd
suau1242-five,suau1242,five,haligigi,,,abvd
suau1242-hand,suau1242,hand,nima-,,,abvd
oyao1237-five,oyao1237,five,nima ya tutu,,,chan2019
oyao1237-hand,oyao1237,hand,nima,,,abvd
auhe1237-five,auhe1237,five,nima,,,chan2019
auhe1237-hand,auhe1237,hand,nima-,,,abvd
bwan1241-five,bwan1241,five,valigigi,,,barlowpacific
bwan1241-hand,bwan1241,hand,nima,,,abvd
abad1241-five,abad1241,five,ima,,,abvd
abad1241-hand,abad1241,hand,imanana,,,abvd
motu1246-five,motu1246,five,ima,,,abvd
motu1246-hand,motu1246,hand,ima,,,abvd
kuni1263-five,kuni1263,five,ima beke,,,barlowpacific
kuni1263-hand,kuni1263,hand,ima-na,,,abvd
lala1268-five,lala1268,five,ima,,,abvd
lala1268-hand,lala1268,hand,ima,,,abvd
meke1243-five,meke1243,five,ima,,,abvd
meke1243-hand,meke1243,hand,ima,,,abvd
tour1243-five,tour1243,five,ima,,,abvd
tour1243-hand,tour1243,hand,ima,,,abvd
waim1251-five,waim1251,five,ima,,,barlowpacific
waim1251-hand,waim1251,hand,ima-,,,abvd
hula1239-five,hula1239,five,imaima,,,abvd
hula1239-hand,hula1239,hand,ɣima,,,abvd
keap1239-five,keap1239,five,imaima,,,abvd
keap1239-hand,keap1239,hand,gima,,,abvd
sina1266-five,sina1266,five,imaima,,,abvd
sina1266-hand,sina1266,hand,ɣima,,,abvd
bina1271-five,bina1271,five,ima,,,chan2019
mago1248-five,mago1248,five,ima,,,chan2019
mago1248-hand,mago1248,hand,ima,,,abvd
yoba1237-five,yoba1237,five,ima,,,chan2019
ouma1237-five,ouma1237,five,ima,,,chan2019
budi1249-five,budi1249,five,akwai-lima,,,barlowpacific
kili1267-five,kili1267,five,lima,,,abvd
kili1267-hand,kili1267,hand,yami-la,,,abvd
muyu1244-five,muyu1244,five,kwei-nim,,,barlowpacific
muyu1244-hand,muyu1244,hand,nim,,,abvd
misi1243-five,misi1243,five,enima,,,abvd
misi1243-hand,misi1243,hand,nima-na,,,abvd
nimo1246-five,nimo1246,five,ho-limi,,,barlowpacific
nimo1246-hand,nimo1246,hand,ni'mʌnɛ,,,abvd
sude1239-five,sude1239,five,-lima,,,chan2019
sude1239-hand,sude1239,hand,nïmae,,,abvd
unea1237-five,unea1237,five,ta-lima,,,barlowpacific
bola1250-five,bola1250,five,lima,,,abvd
bola1250-hand,bola1250,hand,lima,,,abvd
bulu1253-five,bulu1253,five,lima,,,barlowpacific
bulu1253-hand,bulu1253,hand,lima,,,barlowpacific
mudu1242-five,mudu1242,five,lima,,,abvd
mudu1242-hand,mudu1242,hand,lima,,,abvd
mera1242-five,mera1242,five,lima,,,barlowpacific
mera1242-hand,mera1242,hand,lima,,,abvd
naka1262-five,naka1262,five,lima,,,barlowpacific
naka1262-hand,naka1262,hand,lima,,,abvd
tomo1244-five,tomo1244,five,liem,,,barlowpacific
tung1290-five,tung1290,five,lima,,,abvd
tung1290-hand,tung1290,hand,kuŋa-,,,abvd
tiga1245-five,tiga1245,five,palmit,,,barlowpacific
tiga1245-hand,tiga1245,hand,mit,,,abvd
tian1237-five,tian1237,five,patlima,,,abvd
tian1237-hand,tian1237,hand,limana,,,abvd
kara1486-five,kara1486,five,walima,,,abvd
kara1486-hand,kara1486,hand,limana,,,abvd
laku1238-five,laku1238,five,lima,,,chan2019
nali1244-five,nali1244,five,avatmit,,,barlowpacific
nali1244-hand,nali1244,hand,mit,,,abvd
nots1237-five,nots1237,five,lima,,,barlowpacific
nots1237-hand,nots1237,hand,lima-,,,barlowpacific
mand1440-five,mand1440,five,naparirima,,,abvd
mand1440-hand,mand1440,hand,rima-na,,,abvd
lihi1237-five,lihi1237,five,a liem,,,abvd
lihi1237-hand,lihi1237,hand,a liman,,,abvd
lava1239-five,lava1239,five,lima,,,barlowpacific
lava1239-hand,lava1239,hand,guma,,,abvd
baro1253-five,baro1253,five,pitno,,,abvd
baro1253-hand,baro1253,hand,himine,,,abvd
mada1285-five,mada1285,five,limo,,,barlowpacific
mada1285-hand,mada1285,hand,lengen,,,abvd
kuan1248-five,kuan1248,five,ilima,,,barlowpacific
kuan1248-hand,kuan1248,hand,limana,,,abvd
mini1251-five,mini1251,five,ai lima,,,abvd
mini1251-hand,mini1251,hand,lima,,,abvd
patp1243-five,patp1243,five,liman,,,chan2019
patp1243-hand,patp1243,hand,lima,,,abvd
bilu1244-five,bilu1244,five,lima,,,abvd
bilu1244-hand,bilu1244,hand,a kuna,,,abvd
labe1239-five,labe1239,five,lima,,,abvd
labe1239-hand,labe1239,hand,ku,,,abvd
kand1301-five,kand1301,five,lima-,,,abvd
kand1301-hand,kand1301,hand,a lama-,,,abvd
ramo1244-five,ramo1244,five,lima,,,abvd
ramo1244-hand,ramo1244,hand,lima,,,abvd
siar1238-five,siar1238,five,i lim,,,chan2019
siar1238-hand,siar1238,hand,liman,,,abvd
surs1246-five,surs1246,five,lim,,,abvd
surs1246-hand,surs1246,hand,limə,,,abvd
kono1269-five,kono1269,five,lima,,,barlowpacific
kono1269-hand,kono1269,hand,kuk,,,barlowpacific
tang1348-five,tang1348,five,lim,,,abvd
tang1348-hand,tang1348,hand,lima,,,abvd
hako1237-five,hako1237,five,(lim),,,barlowpacific
hako1237-hand,hako1237,hand,walima,,,abvd
hali1244-five,hali1244,five,lima,,,barlowpacific
hali1244-hand,hali1244,hand,lima,,,abvd
peta1245-five,peta1245,five,lim,,,chan2019
sapo1253-five,sapo1253,five,a nima,,,chan2019
sapo1253-hand,sapo1253,hand,nima-naih,,,abvd
haho1237-five,haho1237,five,'taunima,,,chan2019
teop1238-five,teop1238,five,taonim,,,barlowpacific
teop1238-hand,teop1238,hand,kurina,,,abvd
tinp1237-five,tinp1237,five,tonim,,,barlowpacific
tinp1237-hand,tinp1237,hand,koteniah,,,barlowpacific
neha1247-five,neha1247,five,tolima,,,abvd
neha1247-hand,neha1247,hand,liman,,,abvd
papa1265-five,papa1265,five,papaⁱ-taᵘ-nima,,,chan2019
solo1257-five,solo1257,five,tanim,,,barlowpacific
solo1257-hand,solo1257,hand,mo mina uh,,,abvd
bann1247-five,bann1247,five,ghinima,,,abvd
bann1247-hand,bann1247,hand,numa-,,,abvd
lawu1237-five,lawu1237,five,'nima,,,barlowpacific
lawu1237-hand,lawu1237,hand,numa-gu,,,abvd
mono1273-five,mono1273,five,lima,,,abvd
mono1273-hand,mono1273,hand,ime-,,,abvd
tora1259-five,tora1259,five,nima,,,abvd
tora1259-hand,tora1259,hand,baela,,,abvd
urua1242-five,urua1242,five,rima,,,barlowpacific
urua1242-hand,urua1242,hand,kabe-na,,,abvd
riri1237-five,riri1237,five,lima,,,abvd
riri1237-hand,riri1237,hand,körs,,,abvd
baba1268-five,baba1268,five,lima,,,abvd
baba1268-hand,baba1268,hand,kərisi,,,abvd
sisi1250-five,sisi1250,five,lɨma,,,abvd
sisi1250-hand,sisi1250,hand,körisía,,,abvd
vagh1249-five,vagh1249,five,kaləma,,,abvd
vagh1249-hand,vagh1249,hand,ləma-,,,abvd
vari1239-five,vari1239,five,kalima,,,abvd
vari1239-hand,vari1239,hand,karisi-na,,,abvd
maro1244-five,maro1244,five,limɑ,,,chan2019
maro1244-hand,maro1244,hand,lima-,,,abvd
vang1243-five,vang1243,five,lima,,,abvd
vang1243-hand,vang1243,hand,lima-na,,,abvd
hoav1238-five,hoav1238,five,lima,,,abvd
hoav1238-hand,hoav1238,hand,reŋgu-,,,abvd
kusa1251-five,kusa1251,five,lima,,,abvd
kusa1251-hand,kusa1251,hand,reŋgu-na,,,abvd
rovi1238-five,rovi1238,five,lima,,,abvd
rovi1238-hand,rovi1238,hand,lima-na,,,abvd
ughe1237-five,ughe1237,five,lima,,,abvd
ughe1237-hand,ughe1237,hand,kambele-na,,,abvd
kazu1245-five,kazu1245,five,limoni,,,abvd
kazu1245-hand,kazu1245,hand,vonili,,,abvd
duke1237-five,duke1237,five,lima,,,abvd
duke1237-hand,duke1237,hand,hɛhe-na,,,abvd
ghan1242-five,ghan1242,five,lima,,,abvd
ghan1242-hand,ghan1242,hand,lima,,,abvd
lung1249-five,lung1249,five,lima,,,abvd
lung1249-hand,lung1249,hand,lima,,,abvd
simb1256-five,simb1256,five,lima,,,abvd
simb1256-hand,simb1256,hand,lima,,,abvd
lagh1246-five,lagh1246,five,gaɔha,,,abvd
lagh1246-hand,lagh1246,hand,gigirɔ-na,,,abvd
zaba1237-five,zaba1237,five,gahaɣu,,,abvd
zaba1237-hand,zaba1237,hand,kame-,,,abvd
koko1269-five,koko1269,five,ɣŋɣŋau,,,abvd
koko1269-hand,koko1269,hand,kame,,,abvd
blab1237-five,blab1237,five,glima,,,abvd
blab1237-hand,blab1237,hand,khame,,,abvd
zaza1245-five,zaza1245,five,gaha,,,abvd
zaza1245-hand,zaza1245,hand,kʰame-,,,abvd
chek1238-five,chek1238,five,glima,,,abvd
chek1238-hand,chek1238,hand,khame,,,abvd
gaoo1237-five,gaoo1237,five,lima,,,barlowpacific
gaoo1237-hand,gaoo1237,hand,khame-ña,,,abvd
bugh1239-five,bugh1239,five,lima,,,abvd
bugh1239-hand,bugh1239,hand,lima,,,abvd
gela1263-five,gela1263,five,lima,,,abvd
gela1263-hand,gela1263,hand,lima,,,abvd
ghar1239-five,ghar1239,five,čeɣe,,,abvd
ghar1239-hand,ghar1239,hand,lima-,,,abvd
leng1259-five,leng1259,five,lima,,,abvd
leng1259-hand,leng1259,hand,lima,,,abvd
mala1484-five,mala1484,five,čehe,,,abvd
mala1484-hand,mala1484,hand,lima-na,,,abvd
tali1259-five,tali1259,five,lima,,,abvd
tali1259-hand,tali1259,hand,lima,,,abvd
bira1254-five,bira1254,five,lima,,,abvd
bira1254-hand,bira1254,hand,lima-na,,,abvd
long1395-five,long1395,five,lima,,,abvd
long1395-hand,long1395,hand,lima,,,abvd
gula1270-five,gula1270,five,nima,,,abvd
gula1270-hand,gula1270,hand,aba,,,abvd
kwai1243-five,kwai1243,five,nima,,,abvd
kwai1243-hand,kwai1243,hand,nima-na,,,abvd
kwar1239-five,kwar1239,five,lima,,,abvd
kwar1239-hand,kwar1239,hand,lima,,,abvd
baeg1237-five,baeg1237,five,lima,,,abvd
baeg1237-hand,baeg1237,hand,amba-na,,,abvd
bael1237-five,bael1237,five,lima,,,abvd
bael1237-hand,bael1237,hand,aba,,,abvd
fata1245-five,fata1245,five,lima,,,abvd
fata1245-hand,fata1245,hand,amba-na,,,abvd
lauu1247-five,lauu1247,five,lima,,,abvd
lauu1247-hand,lauu1247,hand,aba-na,,,abvd
toab1237-five,toab1237,five,lima,,,abvd
toab1237-hand,toab1237,hand,amba-na,,,abvd
wala1266-five,wala1266,five,nima,,,abvd
wala1266-hand,wala1266,hand,nima-la,,,abvd
area1240-five,area1240,five,nima,,,abvd
area1240-hand,area1240,hand,kaikaʔi-na,,,abvd
dori1246-five,dori1246,five,nima,,,abvd
dori1246-hand,dori1246,hand,gagaʔu-na,,,abvd
oroh1237-five,oroh1237,five,nima,,,abvd
oroh1237-hand,oroh1237,hand,kikiʔina,,,abvd
saaa1240-five,saaa1240,five,lima,,,chan2019
saaa1240-hand,saaa1240,hand,lima,,,abvd
aros1241-five,aros1241,five,rima,,,abvd
aros1241-hand,aros1241,hand,rima-na,,,abvd
baur1252-five,baur1252,five,rima,,,abvd
baur1252-hand,baur1252,hand,rima-na,,,abvd
faga1239-five,faga1239,five,rima,,,abvd
faga1239-hand,faga1239,hand,rima-na,,,abvd
kahu1241-five,kahu1241,five,rima,,,abvd
kahu1241-hand,kahu1241,hand,ruma-na,,,abvd
owaa1237-five,owaa1237,five,rima,,,abvd
owaa1237-hand,owaa1237,hand,rima,,,abvd
ayiw1239-five,ayiw1239,five,vili,,,abvd
ayiw1239-hand,ayiw1239,hand,nyime,,,abvd
nang1262-five,nang1262,five,məpũ,,,chan2019
nang1262-hand,nang1262,hand,nümü,,,abvd
nalo1235-five,nalo1235,five,nɵulʉn,,,chan2019
natu1246-five,natu1246,five,na vlu nu,,,barlowpacific
natu1246-hand,natu1246,hand,mü,,,abvd
vano1237-five,vano1237,five,teli,,,abvd
vano1237-hand,vano1237,hand,me,,,abvd
tane1237-five,tane1237,five,teli,,,chan2019
tane1237-hand,tane1237,hand,me,,,abvd
tean1237-five,tean1237,five,tili,,,abvd
tean1237-hand,tean1237,hand,ma,,,abvd
amba1266-five,amba1266,five,hāŋi,,,abvd
amba1266-hand,amba1266,hand,mbiɔ,,,abvd
asum1237-five,asum1237,five,sini,,,abvd
asum1237-hand,asum1237,hand,nama‐ŋge,,,abvd
tani1255-five,tani1255,five,kavili,,,abvd
tani1255-hand,tani1255,hand,namba-ŋgu,,,abvd
hiww1237-five,hiww1237,five,toβo-yim,,,abvd
hiww1237-hand,hiww1237,hand,mja-,,,abvd
loto1240-five,loto1240,five,təβe-lim,,,abvd
loto1240-hand,loto1240,hand,limo-k,,,abvd
leha1243-five,leha1243,five,teβa-lem,,,abvd
leha1243-hand,leha1243,hand,bini-k,,,abvd
leha1244-five,leha1244,five,teveliem,,,barlowpacific
leha1244-hand,leha1244,hand,pene-k,,,abvd
motl1237-five,motl1237,five,teβe-lem,,,abvd
motl1237-hand,motl1237,hand,na-mnɪ-k,,,abvd
mota1237-five,mota1237,five,lima,,,abvd
mota1237-hand,mota1237,hand,pane-k,,,abvd
leme1238-five,leme1238,five,eβe-lim,,,abvd
leme1238-hand,leme1238,hand,pænæ-n,,,abvd
vera1241-five,vera1241,five,’evelem,,,barlowpacific
vera1241-hand,vera1241,hand,ᵐbini-k,,,abvd
vure1239-five,vure1239,five,teβe-lim,,,abvd
vure1239-hand,vure1239,hand,ᵐbeni-k,,,abvd
nume1241-five,nume1241,five,tiβi-lim,,,abvd
nume1241-hand,nume1241,hand,lima-k,,,abvd
koro1308-five,koro1308,five,teβæ-lim,,,abvd
koro1308-hand,koro1308,hand,ᵐbini-ŋ,,,abvd
lako1245-five,lako1245,five,tiβi-lɪm,,,chan2019
lako1245-hand,lako1245,hand,lima-k,,,abvd
weta1242-five,weta1242,five,taβa-lim,,,abvd
weta1242-hand,weta1242,hand,na-lmu-k,,,abvd
merl1237-five,merl1237,five,tavalim,,,barlowpacific
merl1237-hand,merl1237,hand,lima-k,,,abvd
mari1426-five,mari1426,five,taβa-lima,,,abvd
mari1426-hand,mari1426,hand,lima-ku,,,abvd
cent2058-five,cent2058,five,lima,,,abvd
cent2058-hand,cent2058,hand,lima,,,abvd
baet1237-five,baet1237,five,teβe-lima,,,abvd
baet1237-hand,baet1237,hand,lima,,,abvd
east2443-five,east2443,five,lime,,,abvd
east2443-hand,east2443,hand,lime,,,abvd
west2513-five,west2513,five,ka-lima,,,abvd
west2513-hand,west2513,hand,kaᵐba,,,abvd
hano1246-five,hano1246,five,lima,,,abvd
hano1246-hand,hano1246,hand,lima,,,abvd
noku1237-five,noku1237,five,lima,,,abvd
noku1237-hand,noku1237,hand,lima-ʔu,,,abvd
piam1242-five,piam1242,five,lima,,,abvd
piam1242-hand,piam1242,hand,lima-,,,abvd
tasm1246-five,tasm1246,five,lima,,,abvd
tasm1246-hand,tasm1246,hand,lima-ku,,,abvd
valp1237-five,valp1237,five,lima,,,abvd
valp1237-hand,valp1237,hand,lima-ku,,,abvd
vuna1239-five,vuna1239,five,lima,,,abvd
vuna1239-hand,vuna1239,hand,lona-lima-ʔu,,,abvd
tolo1255-five,tolo1255,five,lina,,,barlowpacific
tolo1255-hand,tolo1255,hand,lina-,,,abvd
wusi1237-five,wusi1237,five,lima,,,abvd
wusi1237-hand,wusi1237,hand,lima-,,,abvd
mere1242-five,mere1242,five,lima,,,abvd
mere1242-hand,mere1242,hand,lima-,,,abvd
navu1237-five,navu1237,five,lima,,,abvd
navu1237-hand,navu1237,hand,lima-,,,abvd
tial1239-five,tial1239,five,lima,,,abvd
tial1239-hand,tial1239,hand,lima,,,abvd
ambl1237-five,ambl1237,five,mo lima,,,chan2019
ambl1237-hand,ambl1237,hand,farnum-luma-m,,,abvd
moro1286-five,moro1286,five,lima,,,abvd
moro1286-hand,moro1286,hand,lima-ku,,,abvd
nara1263-five,nara1263,five,lima,,,abvd
nara1263-hand,nara1263,hand,farlon luma-,,,abvd
fort1240-five,fort1240,five,lima,,,abvd
fort1240-hand,fort1240,hand,lima-,,,abvd
akei1237-five,akei1237,five,lima,,,abvd
akei1237-hand,akei1237,hand,lima-,,,abvd
wail1242-five,wail1242,five,mo lima,,,abvd
wail1242-hand,wail1242,hand,loloi-lima-ku,,,abvd
lore1244-five,lore1244,five,linə,,,abvd
lore1244-hand,lore1244,hand,farsin bili-,,,abvd
shar1244-five,shar1244,five,line,,,abvd
shar1244-hand,shar1244,hand,pili-ŋ,,,abvd
mafe1237-five,mafe1237,five,lim̈a,,,abvd
mafe1237-hand,mafe1237,hand,faraŋo,,,abvd
tutu1241-five,tutu1241,five,e-lima,,,abvd
tutu1241-hand,tutu1241,hand,lima-,,,abvd
butm1237-five,butm1237,five,fi-lne,,,abvd
butm1237-hand,butm1237,hand,loᵐbli-k,,,abvd
polo1242-five,polo1242,five,fu-lni,,,abvd
polo1242-hand,polo1242,hand,loaβa-k,,,abvd
tamb1253-five,tamb1253,five,lina,,,abvd
tamb1253-hand,tamb1253,hand,faraŋo-,,,abvd
aore1237-five,aore1237,five,a lim̈a,,,abvd
aore1237-hand,aore1237,hand,pisu-,,,abvd
arak1252-five,arak1252,five,lim'a,,,abvd
arak1252-hand,arak1252,hand,lim'a,,,abvd
tang1347-five,tang1347,five,mo-lim̈a,,,abvd
tang1347-hand,tang1347,hand,lim̈a,,,abvd
rori1237-five,rori1237,five,nye-lni,,,abvd
rori1237-hand,rori1237,hand,ⁿdisnio-,,,abvd
malo1243-five,malo1243,five,a-lima,,,abvd
malo1243-hand,malo1243,hand,lima,,,abvd
saka1289-five,saka1289,five,kailime,,,abvd
saka1289-hand,saka1289,hand,limɛ,,,abvd
malu1245-five,malu1245,five,i-lim,,,abvd
malu1245-hand,malu1245,hand,nə-βəra-k,,,abvd
mpot1241-five,mpot1241,five,lima,,,chan2019
mpot1241-hand,mpot1241,hand,na-βaraŋo-m,,,abvd
vaoo1237-five,vaoo1237,five,ɣe-lim̈e,,,abvd
vaoo1237-hand,vaoo1237,hand,nim̈a-k,,,abvd
nese1235-five,nese1235,five,line,,,abvd
nese1235-hand,nese1235,hand,navaɾ-,,,abvd
lare1249-five,lare1249,five,lum,,,abvd
lare1249-hand,lare1249,hand,n-ləβɣanəβa-ɣ,,,abvd
litz1237-five,litz1237,five,i-ləm,,,abvd
litz1237-hand,litz1237,hand,nɪ-vɛru-,,,abvd
vinm1237-five,vinm1237,five,i-lim,,,abvd
vinm1237-hand,vinm1237,hand,nɛ-vɛra-,,,abvd
ling1265-five,ling1265,five,i-lim,,,abvd
ling1265-hand,ling1265,hand,nɛ-vɛra-,,,abvd
bign1238-five,bign1238,five,i-lɪm,,,abvd
bign1238-hand,bign1238,hand,lɪma-,,,abvd
mara1399-five,mara1399,five,i-lɪm,,,abvd
mara1399-hand,mara1399,hand,lɪmɛ-,,,abvd
maee1241-five,maee1241,five,i-lin,,,abvd
maee1241-hand,maee1241,hand,vra-,,,abvd
katb1237-five,katb1237,five,i-lim,,,abvd
katb1237-hand,katb1237,hand,fara-,,,abvd
dixo1238-five,dixo1238,five,i-lim,,,abvd
dixo1238-hand,dixo1238,hand,fara-,,,abvd
lete1241-five,lete1241,five,i-lme,,,abvd
lete1241-hand,lete1241,hand,var-,,,abvd
nasa1240-five,nasa1240,five,i-salœme,,,chan2019
nasa1240-hand,nasa1240,hand,a-vara-,,,abvd
navw1234-five,navw1234,five,i-lim,,,abvd
navw1234-hand,navw1234,hand,nɛ-vɛra-ŋk,,,abvd
malf1237-five,malf1237,five,i-lim,,,abvd
malf1237-hand,malf1237,hand,na-vara-n,,,abvd
sout2857-five,sout2857,five,lim,,,abvd
sout2857-hand,sout2857,hand,vara-,,,abvd
niti1249-five,niti1249,five,i-lin,,,abvd
niti1249-hand,niti1249,hand,nɛ-vɛra-,,,abvd
vivt1234-five,vivt1234,five,ɪ-ldin,,,abvd
vivt1234-hand,vivt1234,hand,nɪ-fɪra-,,,abvd
nati1244-five,nati1244,five,i-lim,,,abvd
nati1244-hand,nati1244,hand,vara-,,,abvd
labo1244-five,labo1244,five,se-lme,,,abvd
labo1244-hand,labo1244,hand,nɛ-vaxa-,,,abvd
urip1239-five,urip1239,five,e-lim,,,abvd
urip1239-hand,urip1239,hand,vɛra-,,,abvd
rere1240-five,rere1240,five,xe-rim,,,abvd
rere1240-hand,rere1240,hand,fɛra-,,,abvd
unua1237-five,unua1237,five,ɣerim,,,abvd
unua1237-hand,unua1237,hand,nɛ-var-,,,abvd
aulu1238-five,aulu1238,five,limɛ,,,abvd
aulu1238-hand,aulu1238,hand,vari-,,,abvd
burm1263-five,burm1263,five,e-rim,,,abvd
burm1263-hand,burm1263,hand,fara-,,,abvd
bwen1239-five,bwen1239,five,i-lim,,,abvd
bwen1239-hand,bwen1239,hand,n-vari-,,,abvd
mask1242-five,mask1242,five,e-rim,,,abvd
mask1242-hand,mask1242,hand,vɪla-m,,,abvd
nasv1234-five,nasv1234,five,i-lɪm,,,abvd
nasv1234-hand,nasv1234,hand,vɛra-,,,abvd
nisv1234-five,nisv1234,five,ɳa-lɪm,,,abvd
nisv1234-hand,nisv1234,hand,na-fra-,,,abvd
avok1244-five,avok1244,five,ɳɔ-rn,,,abvd
avok1244-hand,avok1244,hand,nɛ-var,,,abvd
axam1237-five,axam1237,five,ŋo-rəm,,,abvd
axam1237-hand,axam1237,hand,na-βere-,,,abvd
port1285-five,port1285,five,e-rim,,,abvd
port1285-hand,port1285,hand,vea-,,,abvd
seke1241-five,seke1241,five,a-lim,,,abvd
seke1241-hand,seke1241,hand,ŋiê-,,,abvd
sowa1244-five,sowa1244,five,i-lim,,,abvd
sowa1244-hand,sowa1244,hand,ŋê-,,,abvd
apma1240-five,apma1240,five,ka-lim,,,abvd
apma1240-hand,apma1240,hand,lima-,,,abvd
saaa1241-five,saaa1241,five,lima,,,barlowpacific
saaa1241-hand,saaa1241,hand,aɾam,,,abvd
nort2839-five,nort2839,five,lim,,,abvd
nort2839-hand,nort2839,hand,wera-ŋ,,,abvd
sout2859-five,sout2859,five,he tei pin,,,chan2019
sout2859-hand,sout2859,hand,he,,,abvd
lonw1238-five,lonw1238,five,lim,,,abvd
lonw1238-hand,lonw1238,hand,wera-k,,,abvd
orko1234-five,orko1234,five,lim,,,abvd
orko1234-hand,orko1234,hand,vela-,,,abvd
port1286-five,port1286,five,lim,,,chan2019
port1286-hand,port1286,hand,βelo-k,,,abvd
daka1243-five,daka1243,five,lim,,,abvd
daka1243-hand,daka1243,hand,βeo-k,,,abvd
paam1238-five,paam1238,five,e-lim,,,abvd
paam1238-hand,paam1238,hand,he-ku,,,abvd
baki1244-five,baki1244,five,čumo,,,abvd
baki1244-hand,baki1244,hand,čuma-ku,,,abvd
bier1244-five,bier1244,five,čima,,,abvd
bier1244-hand,bier1244,hand,čima-ᵑgu,,,abvd
bier1246-five,bier1246,five,lima,,,abvd
bier1246-hand,bier1246,hand,limana,,,abvd
maii1238-five,maii1238,five,i-limə,,,abvd
maii1238-hand,maii1238,hand,luma-ŋ,,,abvd
lame1260-five,lame1260,five,lima,,,chan2019
lame1260-hand,lame1260,hand,limao,,,abvd
lewo1242-five,lewo1242,five,lima,,,abvd
lewo1242-hand,lewo1242,hand,lima-u,,,abvd
lele1267-five,lele1267,five,lima,,,abvd
lele1267-hand,lele1267,hand,nara,,,abvd
nort2836-five,nort2836,five,lima,,,abvd
nort2836-hand,nort2836,hand,naruna,,,abvd
eton1255-five,eton1255,five,e-lim,,,abvd
eton1255-hand,eton1255,hand,aru-ŋ,,,abvd
sout2856-five,sout2856,five,i-lim,,,abvd
sout2856-hand,sout2856,hand,nar,,,abvd
nama1268-five,nama1268,five,ke-lim,,,abvd
nama1268-hand,nama1268,hand,lima,,,abvd
ifoo1237-five,ifoo1237,five,sukrim,,,abvd
siee1239-five,siee1239,five,sukrim,,,abvd
siee1239-hand,siee1239,hand,noru-,,,abvd
urav1235-five,urav1235,five,suelem,,,abvd
urav1235-hand,urav1235,hand,leŋe-,,,abvd
lena1238-five,lena1238,five,katilim,,,abvd
lena1238-hand,lena1238,hand,na-limu-ku,,,abvd
nort2847-five,nort2847,five,kariem,,,chan2019
nort2847-hand,nort2847,hand,ne-lma-k,,,abvd
whit1269-five,whit1269,five,kərilem,,,chan2019
whit1269-hand,whit1269,hand,na-l̥ima-k,,,abvd
kwam1252-five,kwam1252,five,kerirəm,,,abvd
kwam1252-hand,kwam1252,hand,rəŋə-,,,abvd
sout2869-five,sout2869,five,kɨlkɨlɨp,,,abvd
sout2869-hand,sout2869,hand,lɨm,,,abvd
anei1239-five,anei1239,five,"nijman [nit͡ʃman), faiv",,,chan2019
anei1239-hand,anei1239,hand,nijma-,,,abvd
dehu1237-five,dehu1237,five,tripi,,,abvd
dehu1237-hand,dehu1237,hand,ime,,,abvd
iaai1238-five,iaai1238,five,baa|xaca,,,abvd
iaai1238-hand,iaai1238,hand,beñi-,,,abvd
neng1238-five,neng1238,five,se dongo,,,barlowpacific
neng1238-hand,neng1238,hand,nin,,,abvd
caac1237-five,caac1237,five,nim,,,abvd
caac1237-hand,caac1237,hand,hik,,,abvd
kuma1276-five,kuma1276,five,poanem,,,abvd
kuma1276-hand,kuma1276,hand,shi-,,,abvd
yuag1237-five,yuag1237,five,ni,,,barlowpacific
yuag1237-hand,yuag1237,hand,’i n,,,abvd
bala1316-five,bala1316,five,poanem,,,abvd
bala1316-hand,bala1316,hand,ie n,,,abvd
nyal1254-five,nyal1254,five,nem,,,abvd
nyal1254-hand,nyal1254,hand,e n,,,abvd
jawe1237-five,jawe1237,five,nim,,,abvd
jawe1237-hand,jawe1237,hand,hi,,,abvd
fwai1237-five,fwai1237,five,nim,,,abvd
fwai1237-hand,fwai1237,hand,hi,,,abvd
nemi1240-five,nemi1240,five,nim,,,abvd
nemi1240-hand,nemi1240,hand,hi,,,abvd
pije1237-five,pije1237,five,nim,,,abvd
pije1237-hand,pije1237,hand,hi,,,abvd
pwaa1237-five,pwaa1237,five,nim,,,abvd
pwaa1237-hand,pwaa1237,hand,’i n,,,abvd
pwap1237-five,pwap1237,five,nim,,,abvd
pwap1237-hand,pwap1237,hand,sin,,,abvd
cemu1238-five,cemu1238,five,nim,,,abvd
cemu1238-hand,cemu1238,hand,a ’i n,,,abvd
paic1239-five,paic1239,five,ca:˥-kä˥rä˥-î˥-jè˥,,,abvd
paic1239-hand,paic1239,hand,î˥,,,abvd
bwat1240-five,bwat1240,five,nim,,,abvd
bwat1240-hand,bwat1240,hand,өin,,,abvd
haek1239-five,haek1239,five,nim,,,abvd
haek1239-hand,haek1239,hand,θi n,,,abvd
have1241-five,have1241,five,nim,,,abvd
have1241-hand,have1241,hand,Ɵin,,,abvd
hmwa1243-five,hmwa1243,five,nim,,,abvd
hmwa1243-hand,hmwa1243,hand,si,,,abvd
vama1243-five,vama1243,five,nim,,,abvd
vama1243-hand,vama1243,hand,i si n,,,abvd
waam1236-five,waam1236,five,nim,,,abvd
waam1236-hand,waam1236,hand,θi n,,,abvd
ajie1238-five,ajie1238,five,kani,,,abvd
ajie1238-hand,ajie1238,hand,e,,,abvd
arha1237-five,arha1237,five,keni,,,abvd
arha1237-hand,arha1237,hand,gawi ø xerua,,,abvd
arho1237-five,arho1237,five,kani:,,,abvd
arho1237-hand,arho1237,hand,ã e xerua,,,abvd
tiri1258-five,tiri1258,five,anɔ̃rɔ̃,,,abvd
tiri1258-hand,tiri1258,hand,me:hi,,,abvd
orow1242-five,orow1242,five,keni:,,,abvd
orow1242-hand,orow1242,hand,gawi ɛ,,,abvd
zire1240-five,zire1240,five,anoro,,,abvd
zire1240-hand,zire1240,hand,mãrã,,,abvd
neku1237-five,neku1237,five,keni:,,,abvd
neku1237-hand,neku1237,hand,gawi ø,,,abvd
xara1244-five,xara1244,five,ʃã:ʃɛ̃xɛ̃,,,abvd
xara1244-hand,xara1244,hand,xɛ̃,,,abvd
xara1243-five,xara1243,five,xãːxɛ̃ mɛ̃,,,chan2019
xara1243-hand,xara1243,hand,mɛ,,,abvd
dumb1241-five,dumb1241,five,tàakȗ(xẹ́),,,barlowpacific
dumb1241-hand,dumb1241,hand,mi,,,abvd
nume1242-five,nume1242,five,tAA vïxé,,,barlowpacific
nume1242-hand,nume1242,hand,mẽ,,,abvd
rotu1241-five,rotu1241,five,lima,,,abvd
rotu1241-hand,rotu1241,hand,si' hapa,,,abvd
namo1248-five,namo1248,five,lima,,,chan2019
west2519-five,west2519,five,lima,,,abvd
west2519-hand,west2519,hand,lima,,,abvd
fiji1243-five,fiji1243,five,lima,,,abvd
fiji1243-hand,fiji1243,hand,liga,,,abvd
gone1237-five,gone1237,five,lima,,,chan2019
tong1325-five,tong1325,five,nima,,,abvd
tong1325-hand,tong1325,hand,nima,,,abvd
niue1239-five,niue1239,five,lima,,,abvd
niue1239-hand,niue1239,hand,lima,,,abvd
east2447-five,east2447,five,lima,,,abvd
east2447-hand,east2447,hand,lima,,,abvd
niua1240-five,niua1240,five,nima,,,chan2019
niua1241-five,niua1241,five,Lima,,,barlowpacific
wall1257-five,wall1257,five,nima,,,abvd
wall1257-hand,wall1257,hand,nima,,,abvd
samo1305-five,samo1305,five,lima,,,abvd
samo1305-hand,samo1305,hand,lima,,,abvd
toke1240-five,toke1240,five,lima,,,chan2019
puka1242-five,puka1242,five,lima,,,abvd
puka1242-hand,puka1242,hand,lima,,,abvd
tuva1244-five,tuva1244,five,lima,,,abvd
tuva1244-hand,tuva1244,hand,lima,,,abvd
west2516-five,west2516,five,lima,,,abvd
west2516-hand,west2516,hand,lima,,,abvd
futu1245-five,futu1245,five,rima,,,abvd
futu1245-hand,futu1245,hand,rima,,,abvd
mele1250-five,mele1250,five,rima,,,abvd
mele1250-hand,mele1250,hand,rima,,,abvd
emae1237-five,emae1237,five,rima,,,abvd
emae1237-hand,emae1237,hand,rima,,,abvd
tiko1237-five,tiko1237,five,rima,,,abvd
tiko1237-hand,tiko1237,hand,rima,,,abvd
anut1237-five,anut1237,five,nima,,,abvd
anut1237-hand,anut1237,hand,nima,,,abvd
pile1238-five,pile1238,five,lima,,,abvd
pile1238-hand,pile1238,hand,lima,,,abvd
renn1242-five,renn1242,five,gima,,,abvd
renn1242-hand,renn1242,hand,gima,,,abvd
kapi1249-five,kapi1249,five,lima,,,abvd
kapi1249-hand,kapi1249,hand,lima,,,abvd
nuku1260-five,nuku1260,five,lima,,,abvd
nuku1260-hand,nuku1260,hand,lima,,,abvd
sika1261-five,sika1261,five,lima,,,abvd
sika1261-hand,sika1261,hand,lima,,,abvd
onto1237-five,onto1237,five,lima,,,abvd
onto1237-hand,onto1237,hand,lima,,,abvd
nuku1258-five,nuku1258,five,rima,,,abvd
nuku1258-hand,nuku1258,hand,rima,,,abvd
taku1257-five,taku1257,five,rima,,,abvd
taku1257-hand,taku1257,hand,rima,,,abvd
nuku1259-five,nuku1259,five,rima,,,abvd
nuku1259-hand,nuku1259,hand,rima,,,abvd
maor1246-five,maor1246,five,rima,,,abvd
maor1246-hand,maor1246,hand,ringa,,,abvd
mori1267-five,mori1267,five,te/rima,,,abvd
mori1267-hand,mori1267,hand,ri/rima,,,abvd
raro1241-five,raro1241,five,rima,,,abvd
raro1241-hand,raro1241,hand,rima,,,abvd
raka1237-five,raka1237,five,rima,,,barlowpacific
raka1237-hand,raka1237,hand,rima,,,abvd
penr1237-five,penr1237,five,rima,,,abvd
penr1237-hand,penr1237,hand,rima,,,abvd
aust1304-five,aust1304,five,pae,,,barlowpacific
aust1304-hand,aust1304,hand,rima,,,abvd
tahi1242-five,tahi1242,five,rima,,,abvd
tahi1242-hand,tahi1242,hand,rima,,,abvd
tuam1242-five,tuam1242,five,rima,,,abvd
tuam1242-hand,tuam1242,hand,rima,,,abvd
rapa1245-five,rapa1245,five,rima,,,abvd
rapa1245-hand,rapa1245,hand,rima,,,abvd
hawa1245-five,hawa1245,five,lima,,,abvd
hawa1245-hand,hawa1245,hand,lima,,,abvd
nort2845-five,nort2845,five,'ima,,,abvd
nort2845-hand,nort2845,hand,'ima,,,abvd
sout2866-five,sout2866,five,e ʔima,,,chan2019
mang1401-five,mang1401,five,rima,,,abvd
mang1401-hand,mang1401,hand,rima,,,abvd
rapa1244-five,rapa1244,five,rima,,,abvd
rapa1244-hand,rapa1244,hand,rima,,,abvd
